TRAFICO INTERNACIONAL CON RELACION A CHILE;;;;;;;;;;;;;
TOTALES POR OPERADORES A„O 2015;;;;;;;;;;;;;
TRAFICO DE PASAJEROS LLEGADOS A CHILE;;;;;;;;;;;;;
;;;;;;;;;;;;;
OPERADORES;ENE;FEB;MAR;ABR;MAY;JUN;JUL;AGO;SEP;OCT;NOV;DIC;TOTAL
AEROVIAS D.A.P.   ;0;0;0;0;48;1;0;57;0;1;0;0;107
LAN AIRLINES         ;184.921;181.755;182.511;159.039;167.333;162.694;175.966;177.775;170.002;182.967;179.442;183.908;2.108.313
LAN EXPRESS       ;208;0;0;0;0;0;0;0;0;0;0;0;208
ONE SPA           ;0;0;0;0;0;0;0;0;47;0;0;0;47
SKY AIRLINE       ;26.995;29.668;19.190;14.058;13.349;15.042;25.520;20.257;19.740;21.276;20.783;22.180;248.058
CHILENAS          ;212.124;211.423;201.701;173.097;180.730;177.737;201.486;198.089;189.789;204.244;200.225;206.088;2.356.733
AEROL. ARGENTINAS ;332;2.951;625;678;1.762;4.042;2.162;1.007;525;1.151;1.228;1.595;18.058
AUSTRAL           ;12.102;7.781;11.031;11.031;9.386;8.124;11.029;11.256;10.889;11.367;11.262;11.368;126.626
LAN ARGENTINA     ;0;52;134;138;144;824;221;136;310;169;158;120;2.406
LAN PERU          ;10.650;11.224;11.187;9.378;8.654;9.364;7.747;8.742;9.288;12.538;12.646;10.182;121.600
AMASZONAS S.A.    ;0;1.112;927;686;706;678;1.023;873;777;643;742;861;9.028
GOL TRANS         ;7.208;7.771;6.514;6.321;6.220;7.996;15.601;10.999;7.320;6.803;6.780;9.273;98.806
T.A.M. LINEAS AEREAS;20.870;21.599;21.303;16.910;16.423;17.438;30.801;27.922;24.683;26.232;21.972;24.932;271.085
T.A.M.            ;2.725;2.282;1.302;1.147;1.154;1.690;2.598;2.341;1.581;1.974;1.422;1.960;22.176
LAN ECUADOR       ;4.299;4.260;4.383;3.715;3.507;3.752;4.032;4.265;4.486;4.780;4.810;4.396;50.685
AVIANCA           ;2.332;7.965;10.402;8.081;10.240;9.926;8.684;10.272;10.022;11.699;11.006;10.655;111.284
L.A.C.S.A.        ;2.087;6.825;5.384;5.147;5.020;4.420;4.530;5.510;4.974;5.407;5.124;5.167;59.595
C.O.P.A.          ;17.200;19.777;17.974;14.445;19.223;18.605;17.895;18.947;18.395;19.639;15.601;17.130;214.831
AEROMEXICO        ;3.360;4.807;4.384;3.305;4.468;3.551;3.314;3.426;2.796;3.145;2.404;3.352;42.312
LATINOAMERICANAS  ;83.165;98.406;95.550;80.982;86.907;90.410;109.637;105.696;96.046;105.547;95.155;100.991;1.148.492
AIR CANADA        ;7.919;6.142;5.399;3.184;3.353;3.226;4.446;4.560;4.404;5.270;7.771;7.412;63.086
AMERICAN AIRLINES ;14.972;15.365;14.877;8.768;10.823;9.538;10.951;10.832;10.691;11.522;11.656;15.578;145.573
DELTA AIRLINES    ;5.239;5.768;5.805;4.079;4.885;4.608;5.520;5.626;4.371;5.748;4.864;5.350;61.863
UNITED AIRLINES   ;4.558;5.226;5.082;3.580;3.893;4.158;4.592;4.754;4.341;5.331;4.816;5.335;55.666
NORTEAMERICANAS   ;32.688;32.501;31.163;19.611;22.954;21.530;25.509;25.772;23.807;27.871;29.107;33.675;326.188
AIR EUROPA        ;1.493;1.968;463;0;0;0;0;0;0;0;0;0;3.924
IBERIA            ;8.951;11.993;9.990;6.374;7.376;9.347;10.063;9.407;9.553;11.177;12.378;11.273;117.882
AIR FRANCE        ;9.683;9.236;9.145;6.461;6.865;8.989;9.449;8.767;9.183;10.014;9.674;9.427;106.893
K.L.M.            ;3.980;2.911;2.867;3.019;2.712;3.228;5.240;3.639;3.934;3.686;3.972;5.414;44.602
EUROPEAS          ;24.107;26.108;22.465;15.854;16.953;21.564;24.752;21.813;22.670;24.877;26.024;26.114;273.301
QANTAS AIRWAYS    ;5.540;5.045;5.287;5.272;5.302;4.900;5.174;5.341;5.346;5.365;5.551;6.509;64.632
PACIFICO SUR      ;5.540;5.045;5.287;5.272;5.302;4.900;5.174;5.341;5.346;5.365;5.551;6.509;64.632
TOTAL GENERAL;357.624;373.483;356.166;294.816;312.846;316.141;366.558;356.711;337.658;367.904;356.062;373.377;4.169.346
;;;;;;;;;;;;;
;;;;;;;;;;;;;
;;;;;;;;;;;;;
TRAFICO INTERNACIONAL CON RELACION A CHILE;;;;;;;;;;;;;
TOTALES POR OPERADORES A„O 2015;;;;;;;;;;;;;
TRAFICO DE PASAJEROS SALIDOS DESDE CHILE;;;;;;;;;;;;;
;;;;;;;;;;;;;
OPERADORES;ENE;FEB;MAR;ABR;MAY;JUN;JUL;AGO;SEP;OCT;NOV;DIC;TOTAL
AEROVIAS D.A.P.   ;4;0;0;0;48;0;0;55;0;0;0;0;107
LAN AIRLINES         ;200.776;179.305;169.890;168.059;170.712;156.868;180.202;178.283;170.666;181.834;178.939;187.884;2.123.418
LAN EXPRESS       ;0;0;114;0;0;0;0;0;0;0;0;0;114
ONE SPA           ;0;0;0;0;0;2;0;0;46;0;0;0;48
SKY AIRLINE       ;26.989;23.839;15.280;14.274;12.885;14.404;25.662;20.780;20.156;20.846;21.313;23.944;240.372
CHILENAS          ;227.769;203.144;185.284;182.333;183.645;171.274;205.864;199.118;190.868;202.680;200.252;211.828;2.364.059
AEROL. ARGENTINAS ;291;3.311;585;787;1.823;3.220;2.386;1.149;534;1.152;1.436;1.271;17.945
AUSTRAL           ;11.337;8.545;10.029;10.302;9.120;7.499;9.494;11.410;10.764;11.474;11.107;10.034;121.115
LAN ARGENTINA     ;0;158;122;116;100;786;136;133;149;162;144;61;2.067
LAN PERU          ;11.544;9.862;9.999;9.423;9.123;8.865;7.875;7.638;8.743;12.160;11.434;14.580;121.246
TACA-PERU         ;0;0;0;0;0;0;0;0;0;0;68;0;68
AMASZONAS S.A.    ;1.361;1.048;803;709;750;637;1.046;897;673;539;691;946;10.100
GOL TRANS         ;9.741;7.485;6.175;6.398;6.050;7.655;14.477;12.476;7.564;6.482;6.516;7.394;98.413
T.A.M. LINEAS AEREAS;23.646;21.348;19.047;17.129;17.180;16.458;28.311;26.303;23.113;22.624;20.218;21.829;257.206
T.A.M.            ;2.418;2.128;1.248;1.298;1.345;1.879;2.736;2.109;1.787;1.961;1.604;1.974;22.487
LAN ECUADOR       ;4.393;4.021;3.958;4.365;4.360;4.122;4.432;4.326;4.404;4.436;5.037;5.295;53.149
AVIANCA           ;7.078;6.627;7.343;8.569;10.363;8.478;10.143;9.137;8.960;10.231;9.673;11.430;108.032
L.A.C.S.A.        ;9.067;6.463;4.703;4.886;5.348;4.144;4.830;4.611;4.484;4.764;4.485;5.492;63.277
C.O.P.A.          ;19.253;16.915;13.125;15.119;18.892;15.886;18.155;15.108;15.525;15.756;13.949;17.640;195.323
AEROMEXICO        ;4.314;3.886;2.877;4.181;4.599;3.131;3.605;3.257;2.583;2.685;2.487;2.690;40.295
LATINOAMERICANAS  ;104.443;91.797;80.014;83.282;89.053;82.760;107.626;98.554;89.283;94.426;88.849;100.636;1.110.723
AIR CANADA        ;7.038;5.858;5.929;3.799;3.720;3.141;4.371;4.034;4.178;4.585;6.359;5.542;58.554
AMERICAN AIRLINES ;15.534;11.948;11.667;8.864;10.140;8.470;11.009;10.082;9.799;10.232;9.331;13.344;130.420
DELTA AIRLINES    ;6.573;5.321;5.430;4.753;5.054;4.749;6.058;5.362;5.518;5.057;4.567;4.889;63.331
UNITED AIRLINES   ;5.497;3.817;4.415;4.035;3.804;3.859;4.946;4.358;4.207;4.378;4.084;4.695;52.095
NORTEAMERICANAS   ;34.642;26.944;27.441;21.451;22.718;20.219;26.384;23.836;23.702;24.252;24.341;28.470;304.400
AIR EUROPA        ;2.046;1.643;171;0;0;0;0;0;0;0;0;0;3.860
IBERIA            ;12.561;10.474;10.695;8.908;9.268;8.729;8.433;8.056;8.371;7.526;6.810;9.892;109.723
AIR FRANCE        ;10.068;8.526;9.194;7.972;8.549;8.800;8.392;8.597;8.883;7.770;7.717;8.560;103.028
K.L.M.            ;3.334;2.851;2.354;3.523;3.268;3.552;4.692;4.350;3.472;3.627;3.775;4.673;43.471
EUROPEAS          ;28.009;23.494;22.414;20.403;21.085;21.081;21.517;21.003;20.726;18.923;18.302;23.125;260.082
QANTAS AIRWAYS    ;5.471;4.008;4.010;4.202;3.630;3.116;3.734;3.004;3.255;3.972;4.184;3.850;46.436
PACIFICO SUR      ;5.471;4.008;4.010;4.202;3.630;3.116;3.734;3.004;3.255;3.972;4.184;3.850;46.436
TOTAL GENERAL;400.334;349.387;319.163;311.671;320.131;298.450;365.125;345.515;327.834;344.253;335.928;367.909;4.085.700
;;;;;;;;;;;;;
;;;;;;;;;;;;;
;;;;;;;;;;;;;
TRAFICO INTERNACIONAL CON RELACION A CHILE;;;;;;;;;;;;;
TOTALES POR OPERADORES A„O 2015;;;;;;;;;;;;;
TRAFICO DE PASAJEROS TOTALES (Llegados+Salidos) CON CHILE;;;;;;;;;;;;;
;;;;;;;;;;;;;
OPERADORES;ENE;FEB;MAR;ABR;MAY;JUN;JUL;AGO;SEP;OCT;NOV;DIC;TOTAL
AEROVIAS D.A.P.   ;4;0;0;0;96;1;0;112;0;1;0;0;214
LAN AIRLINES         ;385.697;361.060;352.401;327.098;338.045;319.562;356.168;356.058;340.668;364.801;358.381;371.792;4.231.731
LAN EXPRESS       ;208;0;114;0;0;0;0;0;0;0;0;0;322
ONE SPA           ;0;0;0;0;0;2;0;0;93;0;0;0;95
SKY AIRLINE       ;53.984;53.507;34.470;28.332;26.234;29.446;51.182;41.037;39.896;42.122;42.096;46.124;488.430
CHILENAS          ;439.893;414.567;386.985;355.430;364.375;349.011;407.350;397.207;380.657;406.924;400.477;417.916;4.720.792
AEROL. ARGENTINAS ;623;6.262;1.210;1.465;3.585;7.262;4.548;2.156;1.059;2.303;2.664;2.866;36.003
AUSTRAL           ;23.439;16.326;21.060;21.333;18.506;15.623;20.523;22.666;21.653;22.841;22.369;21.402;247.741
LAN ARGENTINA     ;0;210;256;254;244;1.610;357;269;459;331;302;181;4.473
LAN PERU          ;22.194;21.086;21.186;18.801;17.777;18.229;15.622;16.380;18.031;24.698;24.080;24.762;242.846
TACA-PERU         ;0;0;0;0;0;0;0;0;0;0;68;0;68
AMASZONAS S.A.    ;1.361;2.160;1.730;1.395;1.456;1.315;2.069;1.770;1.450;1.182;1.433;1.807;19.128
GOL TRANS         ;16.949;15.256;12.689;12.719;12.270;15.651;30.078;23.475;14.884;13.285;13.296;16.667;197.219
T.A.M. LINEAS AEREAS;44.516;42.947;40.350;34.039;33.603;33.896;59.112;54.225;47.796;48.856;42.190;46.761;528.291
T.A.M.            ;5.143;4.410;2.550;2.445;2.499;3.569;5.334;4.450;3.368;3.935;3.026;3.934;44.663
LAN ECUADOR       ;8.692;8.281;8.341;8.080;7.867;7.874;8.464;8.591;8.890;9.216;9.847;9.691;103.834
AVIANCA           ;9.410;14.592;17.745;16.650;20.603;18.404;18.827;19.409;18.982;21.930;20.679;22.085;219.316
L.A.C.S.A.        ;11.154;13.288;10.087;10.033;10.368;8.564;9.360;10.121;9.458;10.171;9.609;10.659;122.872
C.O.P.A.          ;36.453;36.692;31.099;29.564;38.115;34.491;36.050;34.055;33.920;35.395;29.550;34.770;410.154
AEROMEXICO        ;7.674;8.693;7.261;7.486;9.067;6.682;6.919;6.683;5.379;5.830;4.891;6.042;82.607
LATINOAMERICANAS  ;187.608;190.203;175.564;164.264;175.960;173.170;217.263;204.250;185.329;199.973;184.004;201.627;2.259.215
AIR CANADA        ;14.957;12.000;11.328;6.983;7.073;6.367;8.817;8.594;8.582;9.855;14.130;12.954;121.640
AMERICAN AIRLINES ;30.506;27.313;26.544;17.632;20.963;18.008;21.960;20.914;20.490;21.754;20.987;28.922;275.993
DELTA AIRLINES    ;11.812;11.089;11.235;8.832;9.939;9.357;11.578;10.988;9.889;10.805;9.431;10.239;125.194
UNITED AIRLINES   ;10.055;9.043;9.497;7.615;7.697;8.017;9.538;9.112;8.548;9.709;8.900;10.030;107.761
NORTEAMERICANAS   ;67.330;59.445;58.604;41.062;45.672;41.749;51.893;49.608;47.509;52.123;53.448;62.145;630.588
AIR EUROPA        ;3.539;3.611;634;0;0;0;0;0;0;0;0;0;7.784
IBERIA            ;21.512;22.467;20.685;15.282;16.644;18.076;18.496;17.463;17.924;18.703;19.188;21.165;227.605
AIR FRANCE        ;19.751;17.762;18.339;14.433;15.414;17.789;17.841;17.364;18.066;17.784;17.391;17.987;209.921
K.L.M.            ;7.314;5.762;5.221;6.542;5.980;6.780;9.932;7.989;7.406;7.313;7.747;10.087;88.073
EUROPEAS          ;52.116;49.602;44.879;36.257;38.038;42.645;46.269;42.816;43.396;43.800;44.326;49.239;533.383
QANTAS AIRWAYS    ;11.011;9.053;9.297;9.474;8.932;8.016;8.908;8.345;8.601;9.337;9.735;10.359;111.068
PACIFICO SUR      ;11.011;9.053;9.297;9.474;8.932;8.016;8.908;8.345;8.601;9.337;9.735;10.359;111.068
TOTAL GENERAL;757.958;722.870;675.329;606.487;632.977;614.591;731.683;702.226;665.492;712.157;691.990;741.286;8.255.046
;;;;;;;;;;;;;
;;;;;;;;;;;;;
;;;;;;;;;;;;;
TRAFICO INTERNACIONAL CON RELACION A CHILE;;;;;;;;;;;;;
TOTALES POR OPERADORES A„O 2015;;;;;;;;;;;;;
TRAFICO DE CARGA EN KILOS LLEGADAS A CHILE;;;;;;;;;;;;;
;;;;;;;;;;;;;
OPERADORES;ENE;FEB;MAR;ABR;MAY;JUN;JUL;AGO;SEP;OCT;NOV;DIC;TOTAL
LAN CARGO            ;1.160.830;1.413.679;1.577.758;1.880.043;1.615.310;1.722.578;1.705.337;1.622.856;1.531.118;1.590.417;1.756.280;1.356.234;18.932.440
LAN AIRLINES         ;3.247.464;3.133.436;3.481.055;3.493.227;3.425.002;3.374.914;3.327.036;3.355.501;3.459.123;3.925.948;3.578.786;3.341.588;41.143.080
LAN EXPRESS       ;4.340;0;0;0;0;0;0;0;0;0;0;0;4.340
SKY AIRLINE       ;0;0;23.468;0;0;0;0;0;0;0;0;7.849;31.317
CHILENAS          ;4.412.634;4.547.115;5.082.281;5.373.270;5.040.312;5.097.492;5.032.373;4.978.357;4.990.241;5.516.365;5.335.066;4.705.671;60.111.177
AEROL. ARGENTINAS ;1.000;117;0;240;0;0;176;0;0;1.454;2.616;2.473;8.076
AUSTRAL           ;59;635;2.692;2.692;2.735;1.120;2.854;234;1.280;10.554;9.922;7.659;42.436
LAN PERU          ;21.589;15.700;20.389;13.057;9.481;13.943;5.162;5.783;24.028;22.909;54.853;46.026;252.920
GOL TRANS         ;0;0;0;0;0;0;0;0;0;0;8.150;24.777;32.927
T.A.M. LINEAS AEREAS;0;0;0;0;0;0;0;0;0;0;3;5;8
LAN ECUADOR       ;3.401;10.804;6.684;14.469;16.286;10.590;8.492;7.717;8.304;7.441;1.831;466;96.485
AVIANCA           ;183.692;222.849;296.051;311.805;294.475;349.955;344.897;265.522;281.010;370.270;364.082;285.931;3.570.539
L.A.C.S.A.        ;0;4.899;24.648;25.227;20.069;22.458;19.296;20.861;18.475;20.288;20.741;20.727;217.689
AEROMEXICO        ;139.696;157.017;199.335;218.736;172.271;190.531;169.966;156.692;145.694;212.823;185.951;167.741;2.116.453
LATINOAMERICANAS  ;349.437;412.021;549.799;586.226;515.317;588.597;550.843;456.809;478.791;645.739;648.149;555.805;6.337.533
AIR CANADA        ;1.279.289;246.040;282.205;173.315;169.987;166.768;128.554;94.188;136.773;190.407;305.336;231.902;3.404.764
AMERICAN AIRLINES ;190.550;233.597;255.574;226.523;278.855;215.877;223.019;344.809;319.145;199.045;336.269;425.107;3.248.370
ATLAS AIR INC.    ;988.841;1.014.320;1.082.519;1.014.793;887.442;1.619.550;956.509;1.171.926;978.500;1.061.130;1.478.912;1.392.304;13.646.746
CENTURION AIR CARGO;0;0;14.436;0;0;0;398.931;115.788;334.758;58.490;44.258;0;966.661
DELTA AIRLINES    ;63.500;56.500;72.000;56.000;62.000;60.000;62.500;108.200;60.000;62.000;60.000;62.000;784.700
UNITED AIRLINES   ;73.893;61.607;79.929;120.835;84.437;166.535;202.351;183.078;202.344;219.514;183.617;208.052;1.786.192
NORTEAMERICANAS   ;2.596.073;1.612.064;1.786.663;1.591.466;1.482.721;2.228.730;1.971.864;2.017.989;2.031.520;1.790.586;2.408.392;2.319.365;23.837.433
AIR EUROPA        ;25.382;38.712;2.441;0;0;0;0;0;0;0;0;0;66.535
IBERIA            ;0;27.360;86.358;5.248;0;0;0;0;0;0;0;0;118.966
AIR FRANCE        ;94.560;65.079;88.137;125.325;96.541;88.298;68.895;81.435;94.729;69.579;68.816;89.943;1.031.337
CARGOLUX AIRLINES ;104.385;157.812;151.876;0;0;0;0;0;0;0;24.970;124.584;563.627
K.L.M.            ;42.365;22.950;53.031;51.370;46.736;47.744;48.997;51.332;47.132;87.000;43.149;34.908;576.714
MARTINAIR HOLLAND ;734.012;843.704;879.850;600.524;387.393;523.318;599.704;596.042;542.175;663.978;507.809;422.609;7.301.118
EUROPEAS          ;1.000.704;1.155.617;1.261.693;782.467;530.670;659.360;717.596;728.809;684.036;820.557;644.744;672.044;9.658.297
QANTAS AIRWAYS    ;34.500;40.047;40.195;54.212;52.857;44.699;47.503;38.249;52.167;47.720;61.735;51.608;565.492
PACIFICO SUR      ;34.500;40.047;40.195;54.212;52.857;44.699;47.503;38.249;52.167;47.720;61.735;51.608;565.492
TOTAL GENERAL;8.393.348;7.766.864;8.720.631;8.387.641;7.621.877;8.618.878;8.320.179;8.220.213;8.236.755;8.820.967;9.098.086;8.304.493;100.509.932
;;;;;;;;;;;;;
;;;;;;;;;;;;;
;;;;;;;;;;;;;
TRAFICO INTERNACIONAL CON RELACION A CHILE;;;;;;;;;;;;;
TOTALES POR OPERADORES A„O 2015;;;;;;;;;;;;;
TRAFICO DE CARGA EN KILOS SALIDAS DESDE CHILE;;;;;;;;;;;;;
;;;;;;;;;;;;;
OPERADORES;ENE;FEB;MAR;ABR;MAY;JUN;JUL;AGO;SEP;OCT;NOV;DIC;TOTAL
LAN CARGO            ;1.643.664;1.263.200;2.078.948;1.871.917;834.608;1.278.845;968.406;977.009;1.076.016;880.606;1.586.175;3.049.497;17.508.891
LAN AIRLINES         ;6.561.768;6.280.359;6.104.378;5.699.805;4.088.880;4.804.086;5.162.677;5.207.577;5.491.448;5.844.679;6.144.044;7.045.620;68.435.321
SKY AIRLINE       ;72.719;90.410;114.392;76.030;63.547;78.582;45.143;73.483;50.561;54.653;110.851;79.352;909.723
CHILENAS          ;8.278.151;7.633.969;8.297.718;7.647.752;4.987.035;6.161.513;6.176.226;6.258.069;6.618.025;6.779.938;7.841.070;10.174.469;86.853.935
AEROL. ARGENTINAS ;912;4.471;0;16.304;3.322;4.736;6.170;3.097;978;3.836;2.922;2.324;49.072
AUSTRAL           ;29.927;23.893;16.818;16.818;16.596;14.632;18.644;16.189;24.298;12.883;19.155;22.434;232.287
LAN ARGENTINA     ;0;0;0;0;0;504;7.207;0;0;510;0;0;8.221
LAN PERU          ;72;725;245;2.028;74;261;272;6;62;1.615;126;602;6.088
GOL TRANS         ;0;0;0;0;0;0;0;0;0;0;5.574;21.475;27.049
LAN ECUADOR       ;2.867;3.016;4.184;2.711;452;1.032;641;182;0;1.773;572;1.331;18.761
AVIANCA           ;357.001;338.154;360.095;319.253;216.228;267.463;306.567;269.689;253.960;407.059;383.553;459.592;3.938.614
LANCO (CARGA)     ;69.444;0;0;25.114;0;0;0;0;0;0;0;0;94.558
L.A.C.S.A.        ;22.033;36.061;29.146;33.034;25.550;33.467;24.188;24.975;19.792;26.031;21.589;30.069;325.935
C.O.P.A.          ;0;0;0;0;0;0;8.500;0;0;0;0;0;8.500
AEROMEXICO        ;391.956;380.390;350.048;338.334;231.720;226.267;251.335;266.984;281.379;281.947;289.073;278.884;3.568.317
LATINOAMERICANAS  ;874.212;786.710;760.536;753.596;493.942;548.362;623.524;581.122;580.469;735.654;722.564;816.711;8.277.402
AIR CANADA        ;331.984;312.115;385.470;126.028;100.634;103.372;130.425;144.203;94.981;179.615;402.843;634.562;2.946.232
AMERICAN AIRLINES ;846.633;790.882;856.789;684.073;742.517;626.280;603.480;894.795;707.004;623.683;751.222;935.880;9.063.238
ATLAS AIR INC.    ;1.562.608;1.538.356;1.630.233;1.547.358;1.224.747;1.562.425;1.278.637;1.656.303;1.443.875;1.561.252;3.417.073;3.029.502;21.452.369
CENTURION AIR CARGO;0;0;65.442;0;0;0;568.966;234.355;255.334;0;80.957;0;1.205.054
DELTA AIRLINES    ;451.522;357.400;368.300;336.000;278.500;456.138;506.173;700.645;589.882;746.643;357.890;340.685;5.489.778
UNITED AIRLINES   ;176.876;296.369;298.053;377.139;223.314;305.785;380.418;305.439;331.433;414.840;448.390;539.013;4.097.069
NORTEAMERICANAS   ;3.369.623;3.295.122;3.604.287;3.070.598;2.569.712;3.054.000;3.468.099;3.935.740;3.422.509;3.526.033;5.458.375;5.479.642;44.253.740
AIR EUROPA        ;34.978;17.194;2.185;0;0;0;0;0;0;0;0;0;54.357
IBERIA            ;33.132;188.556;398.037;350.983;122.961;119.393;125.718;119.173;38.850;72.513;154.009;155.392;1.878.717
AIR FRANCE        ;13.660;11.574;91.324;0;14.282;0;100.274;0;0;160.254;287.554;360.609;1.039.531
CARGOLUX AIRLINES ;22.296;22.935;10.824;0;0;0;0;0;0;0;238.338;775.071;1.069.464
K.L.M.            ;0;0;33.346;0;0;0;0;0;0;63.915;132.196;198.532;427.989
MARTINAIR HOLLAND ;110.823;75.782;224.865;82.184;64.641;131.181;118.330;119.930;102.191;87.527;114.531;154.337;1.386.322
EUROPEAS          ;214.889;316.041;760.581;433.167;201.884;250.574;344.322;239.103;141.041;384.209;926.628;1.643.941;5.856.380
QANTAS AIRWAYS    ;71.276;17.532;11.519;71.965;93.854;101.805;35.323;61.039;27.328;31.003;16.432;20.304;559.380
PACIFICO SUR      ;71.276;17.532;11.519;71.965;93.854;101.805;35.323;61.039;27.328;31.003;16.432;20.304;559.380
TOTAL GENERAL;12.808.151;12.049.374;13.434.641;11.977.078;8.346.427;10.116.254;10.647.494;11.075.073;10.789.372;11.456.837;14.965.069;18.135.067;145.800.837
;;;;;;;;;;;;;
;;;;;;;;;;;;;
;;;;;;;;;;;;;
TRAFICO INTERNACIONAL CON RELACION A CHILE;;;;;;;;;;;;;
TOTALES POR OPERADORES A„O 2015;;;;;;;;;;;;;
TRAFICO DE CARGA EN KILOS TOTALES (Llegadas+Salidas) CON CHILE;;;;;;;;;;;;;
;;;;;;;;;;;;;
OPERADORES;ENE;FEB;MAR;ABR;MAY;JUN;JUL;AGO;SEP;OCT;NOV;DIC;TOTAL
LAN CARGO            ;2.804.493;2.676.879;3.656.706;3.751.960;2.449.918;3.001.423;2.673.744;2.599.866;2.607.134;2.471.022;3.342.455;4.405.731;36.441.331
LAN AIRLINES         ;9.809.228;9.413.796;9.585.433;9.193.032;7.513.886;8.179.004;8.489.713;8.563.079;8.950.570;9.770.627;9.722.828;10.387.207;109.578.403
LAN EXPRESS       ;4.340;0;0;0;0;0;0;0;0;0;0;0;4.340
SKY AIRLINE       ;72.719;90.410;137.860;76.030;63.547;78.582;45.143;73.483;50.561;54.653;110.851;87.201;941.040
CHILENAS          ;12.690.780;12.181.085;13.379.999;13.021.022;10.027.351;11.259.009;11.208.600;11.236.428;11.608.265;12.296.302;13.176.134;14.880.139;146.965.114
AEROL. ARGENTINAS ;1.912;4.588;0;16.544;3.322;4.736;6.346;3.097;978;5.290;5.538;4.797;57.148
AUSTRAL           ;29.986;24.528;19.510;19.510;19.331;15.752;21.498;16.423;25.578;23.437;29.077;30.093;274.723
LAN ARGENTINA     ;0;0;0;0;0;504;7.207;0;0;510;0;0;8.221
LAN PERU          ;21.661;16.425;20.634;15.085;9.555;14.204;5.434;5.789;24.090;24.524;54.979;46.628;259.008
GOL TRANS         ;0;0;0;0;0;0;0;0;0;0;13.724;46.252;59.976
T.A.M. LINEAS AEREAS;0;0;0;0;0;0;0;0;0;0;3;5;8
LAN ECUADOR       ;6.268;13.820;10.868;17.180;16.738;11.622;9.133;7.899;8.304;9.214;2.403;1.797;115.246
AVIANCA           ;540.693;561.003;656.146;631.058;510.703;617.418;651.464;535.211;534.970;777.329;747.635;745.523;7.509.153
LANCO (CARGA)     ;69.444;0;0;25.114;0;0;0;0;0;0;0;0;94.558
L.A.C.S.A.        ;22.033;40.960;53.794;58.261;45.619;55.925;43.484;45.836;38.267;46.319;42.330;50.796;543.624
C.O.P.A.          ;0;0;0;0;0;0;8.500;0;0;0;0;0;8.500
AEROMEXICO        ;531.652;537.407;549.383;557.070;403.991;416.798;421.301;423.676;427.073;494.770;475.024;446.625;5.684.770
LATINOAMERICANAS  ;1.223.649;1.198.731;1.310.335;1.339.822;1.009.259;1.136.959;1.174.367;1.037.931;1.059.260;1.381.393;1.370.713;1.372.516;14.614.935
AIR CANADA        ;1.611.273;558.155;667.675;299.343;270.621;270.140;258.979;238.391;231.754;370.022;708.179;866.464;6.350.996
AMERICAN AIRLINES ;1.037.183;1.024.479;1.112.363;910.596;1.021.372;842.157;826.499;1.239.604;1.026.149;822.728;1.087.491;1.360.987;12.311.608
ATLAS AIR INC.    ;2.551.449;2.552.676;2.712.752;2.562.151;2.112.189;3.181.975;2.235.146;2.828.229;2.422.375;2.622.382;4.895.985;4.421.806;35.099.115
CENTURION AIR CARGO;0;0;79.878;0;0;0;967.897;350.143;590.092;58.490;125.215;0;2.171.715
DELTA AIRLINES    ;515.022;413.900;440.300;392.000;340.500;516.138;568.673;808.845;649.882;808.643;417.890;402.685;6.274.478
UNITED AIRLINES   ;250.769;357.976;377.982;497.974;307.751;472.320;582.769;488.517;533.777;634.354;632.007;747.065;5.883.261
NORTEAMERICANAS   ;5.965.696;4.907.186;5.390.950;4.662.064;4.052.433;5.282.730;5.439.963;5.953.729;5.454.029;5.316.619;7.866.767;7.799.007;68.091.173
AIR EUROPA        ;60.360;55.906;4.626;0;0;0;0;0;0;0;0;0;120.892
IBERIA            ;33.132;215.916;484.395;356.231;122.961;119.393;125.718;119.173;38.850;72.513;154.009;155.392;1.997.683
AIR FRANCE        ;108.220;76.653;179.461;125.325;110.823;88.298;169.169;81.435;94.729;229.833;356.370;450.552;2.070.868
CARGOLUX AIRLINES ;126.681;180.747;162.700;0;0;0;0;0;0;0;263.308;899.655;1.633.091
K.L.M.            ;42.365;22.950;86.377;51.370;46.736;47.744;48.997;51.332;47.132;150.915;175.345;233.440;1.004.703
MARTINAIR HOLLAND ;844.835;919.486;1.104.715;682.708;452.034;654.499;718.034;715.972;644.366;751.505;622.340;576.946;8.687.440
EUROPEAS          ;1.215.593;1.471.658;2.022.274;1.215.634;732.554;909.934;1.061.918;967.912;825.077;1.204.766;1.571.372;2.315.985;15.514.677
QANTAS AIRWAYS    ;105.776;57.579;51.714;126.177;146.711;146.504;82.826;99.288;79.495;78.723;78.167;71.912;1.124.872
PACIFICO SUR      ;105.776;57.579;51.714;126.177;146.711;146.504;82.826;99.288;79.495;78.723;78.167;71.912;1.124.872
TOTAL GENERAL;21.201.494;19.816.239;22.155.272;20.364.719;15.968.308;18.735.136;18.967.674;19.295.288;19.026.126;20.277.803;24.063.153;26.439.559;246.310.771
;;;;;;;;;;;;;
;;;;;;;;;;;;;
TRAFICO INTERNACIONAL CON RELACION A CHILE;;;;;;;;;;;;;
TOTALES POR OPERADORES A„O 2015;;;;;;;;;;;;;
TRAFICO DE PASAJEROS-KILOMETROS (en Miles) LLEGADOS A CHILE;;;;;;;;;;;;;
;;;;;;;;;;;;;
OPERADORES;ENE;FEB;MAR;ABR;MAY;JUN;JUL;AGO;SEP;OCT;NOV;DIC;TOTAL
AEROVIAS D.A.P.   ;0;0;0;0;19;1;0;88;0;1;0;0;109
LAN AIRLINES         ;624.134;651.386;632.287;546.583;585.035;581.943;631.323;645.721;621.373;695.126;662.769;666.491;7.544.167
LAN EXPRESS       ;511;0;0;0;0;0;0;0;0;0;0;0;511
ONE SPA           ;0;0;0;0;0;0;0;0;74;0;0;0;74
SKY AIRLINE       ;44.700;55.337;35.337;25.129;24.311;28.758;50.013;38.481;38.134;39.882;39.133;42.527;461.737
CHILENAS          ;669.345;706.723;667.624;571.712;609.365;610.702;681.336;684.290;659.581;735.009;701.902;709.018;8.006.598
AEROL. ARGENTINAS ;378;3.361;712;772;2.007;4.562;2.463;1.084;598;1.311;1.399;1.817;20.463
AUSTRAL           ;13.784;8.863;12.564;12.564;10.691;9.253;12.562;12.821;12.403;12.947;12.827;12.948;144.227
LAN ARGENTINA     ;0;59;153;157;164;939;252;155;353;192;180;137;2.740
LAN PERU          ;26.188;27.600;27.509;23.061;21.280;23.026;19.050;21.497;22.839;30.831;31.097;25.038;299.014
AMASZONAS S.A.    ;0;644;678;519;437;528;813;694;610;499;516;574;6.514
GOL TRANS         ;18.633;20.088;16.839;16.276;16.079;20.648;40.746;28.965;18.922;17.586;17.526;24.261;256.567
T.A.M. LINEAS AEREAS;55.666;57.648;56.437;45.085;43.766;46.497;81.977;74.845;66.232;70.334;58.965;66.561;724.012
T.A.M.            ;4.300;3.583;2.044;1.801;1.812;2.653;4.079;3.675;2.482;3.099;2.233;3.077;34.838
LAN ECUADOR       ;13.602;13.851;14.356;11.869;11.541;11.734;12.446;13.695;13.770;15.032;15.487;13.238;160.621
AVIANCA           ;9.904;33.827;44.177;33.677;43.489;42.156;36.881;43.625;42.563;49.686;46.742;45.252;471.980
L.A.C.S.A.        ;6.564;19.977;13.239;12.656;12.344;10.869;11.139;13.549;12.231;13.296;12.600;12.706;151.171
C.O.P.A.          ;82.646;95.028;86.365;69.408;92.367;89.397;85.985;91.040;88.388;94.365;74.963;82.310;1.032.263
AEROMEXICO        ;22.139;31.673;28.886;21.777;29.440;23.398;21.836;22.574;18.423;20.722;15.840;22.086;278.794
LATINOAMERICANAS  ;253.804;316.202;303.959;249.622;285.417;285.660;330.229;328.219;299.814;329.900;290.375;310.005;3.583.204
AIR CANADA        ;46.190;36.661;29.780;17.604;19.296;18.685;21.701;25.327;24.125;28.411;38.652;38.153;344.584
AMERICAN AIRLINES ;106.822;109.916;107.185;64.162;79.376;69.970;80.727;79.718;79.084;85.250;85.837;112.103;1.060.145
DELTA AIRLINES    ;41.032;45.175;45.465;31.947;38.259;36.090;43.233;44.063;34.234;45.018;38.095;41.901;484.511
UNITED AIRLINES   ;34.253;39.273;38.191;26.904;29.256;31.247;34.509;35.726;32.623;40.062;36.192;40.093;418.330
NORTEAMERICANAS   ;228.297;231.025;220.621;140.617;166.187;155.992;180.170;184.834;170.066;198.741;198.776;232.250;2.307.570
AIR EUROPA        ;6.206;8.181;1.925;0;0;0;0;0;0;0;0;0;16.312
IBERIA            ;95.865;128.445;106.993;68.266;78.997;100.106;107.775;100.749;102.313;119.706;132.568;120.734;1.262.516
AIR FRANCE        ;112.943;107.729;106.667;75.361;80.073;104.848;109.923;101.973;107.111;116.803;112.838;109.957;1.246.224
K.L.M.            ;4.533;3.316;3.266;3.439;3.089;3.677;5.968;4.145;4.481;4.198;4.524;6.167;50.802
EUROPEAS          ;219.547;247.671;218.851;147.066;162.159;208.631;223.666;206.867;213.905;240.707;249.930;236.858;2.575.854
QANTAS AIRWAYS    ;62.796;57.185;59.928;59.758;60.098;55.542;58.647;60.540;60.597;60.812;62.921;73.780;732.604
PACIFICO SUR      ;62.796;57.185;59.928;59.758;60.098;55.542;58.647;60.540;60.597;60.812;62.921;73.780;732.604
TOTAL GENERAL;1.433.789;1.558.806;1.470.983;1.168.775;1.283.226;1.316.527;1.474.048;1.464.750;1.403.963;1.565.169;1.503.904;1.561.911;17.205.830
;;;;;;;;;;;;;
;;;;;;;;;;;;;
;;;;;;;;;;;;;
TRAFICO INTERNACIONAL CON RELACION A CHILE;;;;;;;;;;;;;
TOTALES POR OPERADORES A„O 2015;;;;;;;;;;;;;
TRAFICO DE PASAJEROS-KILOMETROS (en Miles) SALIDOS DESDE CHILE;;;;;;;;;;;;;
;;;;;;;;;;;;;
OPERADORES;ENE;FEB;MAR;ABR;MAY;JUN;JUL;AGO;SEP;OCT;NOV;DIC;TOTAL
AEROVIAS D.A.P.   ;1;0;0;0;19;0;0;86;0;0;0;0;106
LAN AIRLINES         ;703.813;609.816;595.012;578.954;606.745;555.549;643.241;639.338;622.969;669.628;639.900;685.498;7.550.471
LAN EXPRESS       ;0;0;130;0;0;0;0;0;0;0;0;0;130
ONE SPA           ;0;0;0;0;0;2;0;0;72;0;0;0;74
SKY AIRLINE       ;52.428;45.675;27.562;25.969;23.425;27.313;52.260;38.992;38.585;38.241;40.756;49.294;460.500
CHILENAS          ;756.242;655.491;622.704;604.923;630.189;582.864;695.501;678.416;661.626;707.869;680.656;734.792;8.011.281
AEROL. ARGENTINAS ;374;3.899;701;1.113;2.207;3.668;2.718;1.309;608;1.312;1.636;1.448;20.990
AUSTRAL           ;22.327;17.205;17.191;16.672;14.085;8.541;10.814;12.996;12.260;13.069;12.651;11.429;169.242
LAN ARGENTINA     ;0;180;139;132;114;895;155;151;170;185;164;69;2.354
LAN PERU          ;28.387;24.251;24.588;23.171;22.433;21.799;19.365;18.782;21.499;29.901;28.116;35.852;298.144
TACA-PERU         ;0;0;0;0;0;0;0;0;0;0;167;0;167
AMASZONAS S.A.    ;967;619;592;529;567;498;832;713;523;429;470;622;7.360
GOL TRANS         ;25.180;19.349;15.962;16.477;15.639;19.827;37.951;32.860;19.553;16.874;16.844;19.374;255.888
T.A.M. LINEAS AEREAS;63.137;57.007;50.461;45.556;45.608;43.785;75.541;70.452;62.025;60.813;54.505;58.808;687.699
T.A.M.            ;3.796;3.341;1.959;2.038;2.112;2.950;4.296;3.311;2.806;3.079;2.518;3.099;35.305
LAN ECUADOR       ;14.139;12.594;12.660;13.794;14.355;13.362;14.392;14.077;13.746;14.006;16.072;16.585;169.785
AVIANCA           ;31.354;35.334;31.186;36.393;44.012;36.006;43.077;38.805;38.053;43.451;41.081;48.543;467.294
L.A.C.S.A.        ;33.108;30.175;11.565;12.015;13.151;10.190;11.877;11.338;11.026;11.715;11.029;13.505;180.692
C.O.P.A.          ;92.511;81.277;63.066;72.647;90.776;76.332;86.783;72.594;74.598;75.708;67.025;84.760;938.075
AEROMEXICO        ;28.425;25.605;18.957;27.549;30.303;20.630;23.753;21.460;17.019;17.691;16.387;17.724;265.504
LATINOAMERICANAS  ;343.705;310.836;249.027;268.086;295.362;258.483;331.554;298.848;273.886;288.233;268.665;311.818;3.498.499
AIR CANADA        ;41.072;33.256;36.441;24.001;22.434;18.414;21.872;20.268;22.225;22.930;26.993;27.727;317.631
AMERICAN AIRLINES ;110.749;85.754;84.867;65.380;73.997;62.104;81.690;74.987;72.642;75.846;68.874;96.186;953.076
DELTA AIRLINES    ;51.480;41.674;42.528;37.225;39.583;37.194;47.446;41.995;43.217;39.606;35.769;38.291;496.008
UNITED AIRLINES   ;41.310;28.685;33.179;30.323;28.587;29.000;37.169;32.750;31.616;32.901;30.691;35.283;391.494
NORTEAMERICANAS   ;244.611;189.369;197.015;156.929;164.601;146.712;188.177;170.000;169.700;171.283;162.327;197.487;2.158.209
AIR EUROPA        ;8.505;6.830;711;0;0;0;0;0;0;0;0;0;16.046
IBERIA            ;134.528;112.177;114.543;95.405;99.260;93.488;90.317;86.280;89.653;80.603;72.935;105.943;1.175.133
AIR FRANCE        ;117.433;99.489;107.239;92.985;99.716;102.643;97.884;100.275;103.611;90.629;90.011;99.844;1.201.761
K.L.M.            ;27.366;21.331;17.984;22.574;22.447;27.560;26.806;28.165;17.183;19.391;19.310;25.166;275.281
EUROPEAS          ;287.832;239.827;240.477;210.964;221.423;223.691;215.007;214.720;210.447;190.623;182.256;230.953;2.668.221
QANTAS AIRWAYS    ;62.014;45.431;45.453;47.630;41.146;35.320;42.325;34.050;36.895;45.023;47.426;43.640;526.352
PACIFICO SUR      ;62.014;45.431;45.453;47.630;41.146;35.320;42.325;34.050;36.895;45.023;47.426;43.640;526.352
TOTAL GENERAL;1.694.404;1.440.954;1.354.676;1.288.532;1.352.721;1.247.070;1.472.564;1.396.034;1.352.554;1.403.031;1.341.330;1.518.690;16.862.562
;;;;;;;;;;;;;
;;;;;;;;;;;;;
;;;;;;;;;;;;;
TRAFICO INTERNACIONAL CON RELACION A CHILE;;;;;;;;;;;;;
TOTALES POR OPERADORES A„O 2015;;;;;;;;;;;;;
TRAFICO DE PASAJEROS-KILOMETROS (en Miles) TOTALES (Llegados+Salidos) CON CHILE;;;;;;;;;;;;;
;;;;;;;;;;;;;
OPERADORES;ENE;FEB;MAR;ABR;MAY;JUN;JUL;AGO;SEP;OCT;NOV;DIC;TOTAL
AEROVIAS D.A.P.   ;1;0;0;0;37;1;0;175;0;1;0;0;215
LAN AIRLINES         ;1.327.943;1.261.205;1.227.300;1.125.536;1.191.778;1.137.495;1.274.561;1.285.058;1.244.346;1.364.758;1.302.668;1.351.991;15.094.636
LAN EXPRESS       ;511;0;130;0;0;0;0;0;0;0;0;0;641
ONE SPA           ;0;0;0;0;0;2;0;0;146;0;0;0;148
SKY AIRLINE       ;97.130;101.011;62.897;51.099;47.737;56.072;102.273;77.472;76.718;78.122;79.889;91.821;922.238
CHILENAS          ;1.425.585;1.362.216;1.290.327;1.176.635;1.239.552;1.193.570;1.376.834;1.362.705;1.321.210;1.442.881;1.382.557;1.443.812;16.017.878
AEROL. ARGENTINAS ;752;7.260;1.413;1.885;4.214;8.230;5.180;2.392;1.206;2.623;3.034;3.264;41.453
AUSTRAL           ;36.111;26.068;29.755;29.236;24.776;17.795;23.376;25.817;24.663;26.016;25.478;24.377;313.469
LAN ARGENTINA     ;0;239;292;289;278;1.834;407;306;523;377;344;206;5.095
LAN PERU          ;54.575;51.850;52.096;46.232;43.714;44.825;38.414;40.278;44.338;60.732;59.213;60.890;597.158
TACA-PERU         ;0;0;0;0;0;0;0;0;0;0;167;0;167
AMASZONAS S.A.    ;967;1.263;1.270;1.049;1.004;1.027;1.645;1.407;1.134;927;984;1.196;13.873
GOL TRANS         ;43.813;39.437;32.801;32.752;31.718;40.475;78.696;61.824;38.475;34.460;34.370;43.634;512.456
T.A.M. LINEAS AEREAS;118.804;114.655;106.898;90.640;89.374;90.281;157.518;145.296;128.257;131.146;113.470;125.370;1.411.710
T.A.M.            ;8.096;6.924;4.004;3.839;3.923;5.603;8.374;6.987;5.288;6.178;4.751;6.176;70.142
LAN ECUADOR       ;27.740;26.447;27.016;25.664;25.897;25.096;26.839;27.772;27.516;29.038;31.559;29.822;330.406
AVIANCA           ;41.258;69.161;75.363;70.069;87.501;78.162;79.958;82.430;80.617;93.137;87.824;93.795;939.274
L.A.C.S.A.        ;39.672;50.153;24.804;24.671;25.495;21.059;23.016;24.888;23.257;25.010;23.629;26.210;331.864
C.O.P.A.          ;175.157;176.305;149.431;142.055;183.143;165.729;172.769;163.634;162.986;170.073;141.988;167.070;1.970.338
AEROMEXICO        ;50.564;57.278;47.843;49.325;59.742;44.028;45.589;44.034;35.442;38.414;32.227;39.811;544.298
LATINOAMERICANAS  ;597.509;627.040;552.986;517.706;580.779;544.144;661.781;627.065;573.702;618.131;559.038;621.821;7.081.703
AIR CANADA        ;87.263;69.916;66.220;41.605;41.730;37.098;43.573;45.595;46.350;51.341;65.644;65.879;662.216
AMERICAN AIRLINES ;217.571;195.668;192.050;129.542;153.372;132.074;162.417;154.705;151.726;161.095;154.711;208.289;2.013.221
DELTA AIRLINES    ;92.512;86.849;87.993;69.172;77.842;73.284;90.679;86.058;77.451;84.625;73.864;80.192;980.519
UNITED AIRLINES   ;75.563;67.958;71.370;57.227;57.843;60.248;71.678;68.477;64.238;72.963;66.884;75.375;809.824
NORTEAMERICANAS   ;472.909;420.391;417.633;297.546;330.787;302.704;368.347;354.835;339.765;370.024;361.103;429.735;4.465.780
AIR EUROPA        ;14.712;15.011;2.636;0;0;0;0;0;0;0;0;0;32.358
IBERIA            ;230.394;240.622;221.536;163.670;178.257;193.594;198.092;187.029;191.966;200.309;205.503;226.677;2.437.650
AIR FRANCE        ;230.376;207.218;213.906;168.347;179.789;207.491;207.807;202.248;210.722;207.433;202.849;209.800;2.447.984
K.L.M.            ;31.899;24.646;21.250;26.013;25.536;31.236;32.774;32.309;21.664;23.589;23.834;31.332;326.083
EUROPEAS          ;507.381;487.497;459.328;358.030;383.582;432.321;438.673;421.586;424.352;431.331;432.186;467.809;5.244.075
QANTAS AIRWAYS    ;124.810;102.616;105.381;107.388;101.244;90.861;100.972;94.591;97.492;105.835;110.346;117.419;1.258.956
PACIFICO SUR      ;124.810;102.616;105.381;107.388;101.244;90.861;100.972;94.591;97.492;105.835;110.346;117.419;1.258.956
TOTAL GENERAL;3.128.194;2.999.760;2.825.655;2.457.305;2.635.944;2.563.600;2.946.607;2.860.782;2.756.521;2.968.202;2.845.230;3.080.596;34.068.392
;;;;;;;;;;;;;
;;;;;;;;;;;;;
;;;;;;;;;;;;;
TRAFICO INTERNACIONAL CON RELACION A CHILE;;;;;;;;;;;;;
TOTALES POR OPERADORES A„O 2015;;;;;;;;;;;;;
TRAFICO DE TONELADAS DE CARGA-KILOMETROS (en Miles) LLEGADAS A CHILE;;;;;;;;;;;;;
;;;;;;;;;;;;;
OPERADORES;ENE;FEB;MAR;ABR;MAY;JUN;JUL;AGO;SEP;OCT;NOV;DIC;TOTAL
LAN CARGO            ;8.030;10.985;11.687;13.382;12.380;12.779;12.633;13.118;10.998;12.876;13.074;11.477;143.422
LAN AIRLINES         ;18.988;18.962;20.671;20.282;20.495;19.844;19.336;19.799;20.903;23.290;22.495;21.618;246.685
LAN EXPRESS       ;11;0;0;0;0;0;0;0;0;0;0;0;11
SKY AIRLINE       ;0;0;46;0;0;0;0;0;0;0;0;17;63
CHILENAS          ;27.029;29.947;32.404;33.664;32.875;32.623;31.969;32.917;31.901;36.166;35.569;33.112;390.181
AEROL. ARGENTINAS ;1;0;0;0;0;0;0;0;0;2;3;3;9
AUSTRAL           ;0;1;3;3;3;1;3;0;1;12;11;9;48
LAN PERU          ;53;39;50;32;23;34;13;14;59;56;135;113;622
GOL TRANS         ;0;0;0;0;0;0;0;0;0;0;21;64;85
LAN ECUADOR       ;12;39;24;52;59;38;31;28;30;27;6;2;346
AVIANCA           ;780;946;1.257;1.305;1.251;1.486;1.465;1.128;1.193;1.573;1.546;1.214;15.145
L.A.C.S.A.        ;0;12;61;62;49;55;47;51;45;50;51;51;535
AEROMEXICO        ;920;1.035;1.313;1.441;1.135;1.255;1.120;1.032;960;1.402;1.225;1.105;13.945
LATINOAMERICANAS  ;1.766;2.072;2.708;2.895;2.520;2.869;2.679;2.253;2.288;3.122;2.998;2.561;30.735
AIR CANADA        ;6.851;1.465;1.824;751;774;701;542;351;518;846;1.914;1.491;18.027
AMERICAN AIRLINES ;1.380;1.628;1.855;1.653;2.040;1.609;1.681;2.572;2.374;1.481;2.459;3.042;23.773
ATLAS AIR INC.    ;5.974;6.642;6.957;6.107;5.445;10.231;5.968;7.545;5.874;6.363;9.059;8.902;85.066
CENTURION AIR CARGO;0;0;96;0;0;0;1.870;406;1.769;92;294;0;4.527
DELTA AIRLINES    ;497;443;564;439;486;470;490;847;470;486;470;486;6.146
UNITED AIRLINES   ;555;463;601;908;635;1.252;1.521;1.376;1.521;1.650;1.380;1.564;13.423
NORTEAMERICANAS   ;15.257;10.641;11.897;9.858;9.380;14.263;12.072;13.097;12.526;10.918;15.576;15.485;150.962
AIR EUROPA        ;106;161;10;0;0;0;0;0;0;0;0;0;277
IBERIA            ;0;293;925;56;0;0;0;0;0;0;0;0;1.274
AIR FRANCE        ;1.103;759;1.028;1.462;1.126;1.030;802;948;1.105;812;803;1.049;12.027
CARGOLUX AIRLINES ;1.295;1.958;1.884;0;0;0;0;0;0;0;310;1.545;6.992
K.L.M.            ;48;26;60;59;53;54;56;58;54;99;49;40;657
MARTINAIR HOLLAND ;7.247;8.571;9.049;7.206;4.649;6.280;7.196;7.153;6.506;7.968;6.094;5.071;82.989
EUROPEAS          ;9.799;11.768;12.956;8.783;5.828;7.364;8.054;8.159;7.665;8.879;7.256;7.705;104.216
QANTAS AIRWAYS    ;391;454;456;614;599;507;538;434;591;541;700;585;6.410
PACIFICO SUR      ;391;454;456;614;599;507;538;434;591;541;700;585;6.410
TOTAL GENERAL;54.242;54.882;60.421;55.814;51.202;57.626;55.312;56.860;54.971;59.626;62.099;59.448;682.504
;;;;;;;;;;;;;
;;;;;;;;;;;;;
;;;;;;;;;;;;;
TRAFICO INTERNACIONAL CON RELACION A CHILE;;;;;;;;;;;;;
TOTALES POR OPERADORES A„O 2015;;;;;;;;;;;;;
TRAFICO DE TONELADAS DE CARGA-KILOMETROS (en Miles) SALIDAS DESDE CHILE;;;;;;;;;;;;;
;;;;;;;;;;;;;
OPERADORES;ENE;FEB;MAR;ABR;MAY;JUN;JUL;AGO;SEP;OCT;NOV;DIC;TOTAL
LAN CARGO            ;9.783;7.265;13.544;10.619;5.129;6.499;5.067;5.103;6.241;4.878;9.379;19.296;102.808
LAN AIRLINES         ;35.197;33.727;32.702;32.034;23.250;26.947;30.087;29.429;32.123;34.493;34.995;38.052;383.041
SKY AIRLINE       ;146;193;235;141;103;150;88;143;106;115;219;163;1.805
CHILENAS          ;45.126;41.185;46.481;42.794;28.482;33.596;35.242;34.675;38.470;39.486;44.593;57.511;487.654
AEROL. ARGENTINAS ;1;5;0;19;4;5;7;4;1;4;3;3;56
AUSTRAL           ;34;27;19;19;19;17;21;18;28;15;22;26;265
LAN ARGENTINA     ;0;0;0;0;0;1;8;0;0;1;0;0;9
LAN PERU          ;0;2;1;5;0;1;1;0;0;4;0;1;15
GOL TRANS         ;0;0;0;0;0;0;0;0;0;0;14;56;70
LAN ECUADOR       ;11;11;13;6;2;4;2;1;0;6;2;5;63
AVIANCA           ;1.516;1.436;1.529;1.356;918;1.136;1.302;1.145;1.079;1.729;1.629;1.952;16.727
LANCO (CARGA)     ;295;0;0;107;0;0;0;0;0;0;0;0;402
L.A.C.S.A.        ;54;89;72;81;63;82;59;61;49;64;53;74;801
C.O.P.A.          ;0;0;0;0;0;0;41;0;0;0;0;0;41
AEROMEXICO        ;2.583;2.506;2.306;2.229;1.527;1.491;1.656;1.759;1.854;1.858;1.905;1.838;23.512
LATINOAMERICANAS  ;4.494;4.076;3.940;3.822;2.533;2.737;3.097;2.988;3.011;3.681;3.628;3.955;41.961
AIR CANADA        ;1.222;2.053;2.337;598;461;523;724;744;518;1.078;2.923;4.529;17.707
AMERICAN AIRLINES ;6.059;5.635;6.125;4.971;5.498;4.642;4.494;6.686;5.208;4.609;5.492;6.721;66.138
ATLAS AIR INC.    ;10.396;10.235;10.846;10.295;8.230;10.395;8.507;11.019;9.606;10.387;22.734;20.155;142.804
CENTURION AIR CARGO;0;0;435;0;0;0;2.987;1.122;1.454;0;539;0;6.537
DELTA AIRLINES    ;3.536;2.799;2.885;2.632;2.181;3.572;3.964;5.487;4.620;5.848;2.803;2.668;42.996
UNITED AIRLINES   ;1.329;2.227;2.240;2.834;1.678;2.298;2.859;2.295;2.491;3.118;3.370;4.051;30.789
NORTEAMERICANAS   ;22.542;22.949;24.868;21.330;18.048;21.430;23.535;27.353;23.897;25.040;37.861;38.124;306.971
AIR EUROPA        ;145;71;9;0;0;0;0;0;0;0;0;0;226
IBERIA            ;355;2.019;4.263;3.759;1.317;1.279;1.346;1.276;416;777;1.649;1.664;20.121
AIR FRANCE        ;159;135;1.065;0;167;0;1.170;0;0;1.869;3.354;4.206;12.125
CARGOLUX AIRLINES ;277;285;134;0;0;0;0;0;0;0;2.957;9.615;13.267
K.L.M.            ;0;0;352;0;0;0;0;0;0;557;1.000;1.514;3.424
MARTINAIR HOLLAND ;1.023;615;2.349;611;431;983;1.066;1.061;936;729;1.194;1.715;12.715
EUROPEAS          ;1.959;3.125;8.172;4.370;1.915;2.262;3.582;2.337;1.352;3.932;10.154;18.714;61.878
QANTAS AIRWAYS    ;808;199;131;816;1.064;1.154;400;692;310;351;186;230;6.341
PACIFICO SUR      ;808;199;131;816;1.064;1.154;400;692;310;351;186;230;6.341
TOTAL GENERAL;74.929;71.534;83.592;73.132;52.042;61.179;65.856;68.045;67.040;72.490;96.422;118.534;904.805
;;;;;;;;;;;;;
;;;;;;;;;;;;;
;;;;;;;;;;;;;
TRAFICO INTERNACIONAL CON RELACION A CHILE;;;;;;;;;;;;;
TOTALES POR OPERADORES A„O 2015;;;;;;;;;;;;;
TRAFICO DE TONELADAS DE CARGA-KILOMETROS (en Miles) TOTALES (Llegadas+Salidas) CON CHILE;;;;;;;;;;;;;
;;;;;;;;;;;;;
OPERADORES;ENE;FEB;MAR;ABR;MAY;JUN;JUL;AGO;SEP;OCT;NOV;DIC;TOTAL
LAN CARGO            ;17.813;18.249;25.231;24.001;17.508;19.278;17.700;18.219;17.240;17.754;22.452;30.773;246.230
LAN AIRLINES         ;54.188;52.690;53.373;52.317;43.742;46.788;49.424;49.229;53.029;57.784;57.491;59.675;629.734
LAN EXPRESS       ;11;0;0;0;0;0;0;0;0;0;0;0;11
SKY AIRLINE       ;146;193;281;141;103;150;88;143;106;115;219;181;1.868
CHILENAS          ;72.158;71.132;78.885;76.459;61.353;66.216;67.212;67.591;70.375;75.653;80.162;90.629;877.843
AEROL. ARGENTINAS ;2;5;0;19;4;5;7;4;1;6;6;5;65
AUSTRAL           ;34;28;22;22;22;18;24;19;29;27;33;34;313
LAN ARGENTINA     ;0;0;0;0;0;1;8;0;0;1;0;0;9
LAN PERU          ;53;40;51;37;23;35;13;14;59;60;135;115;637
GOL TRANS         ;0;0;0;0;0;0;0;0;0;0;35;119;155
LAN ECUADOR       ;23;50;37;58;61;42;33;28;30;33;8;6;409
AVIANCA           ;2.296;2.383;2.787;2.661;2.169;2.622;2.767;2.273;2.272;3.301;3.175;3.166;31.872
LANCO (CARGA)     ;295;0;0;107;0;0;0;0;0;0;0;0;402
L.A.C.S.A.        ;54;101;132;143;112;138;107;113;94;114;104;125;1.337
C.O.P.A.          ;0;0;0;0;0;0;41;0;0;0;0;0;41
AEROMEXICO        ;3.503;3.541;3.620;3.671;2.662;2.746;2.776;2.792;2.814;3.260;3.130;2.943;37.457
LATINOAMERICANAS  ;6.260;6.148;6.649;6.718;5.053;5.607;5.776;5.243;5.299;6.802;6.626;6.513;72.697
AIR CANADA        ;8.072;3.517;4.160;1.349;1.236;1.225;1.265;1.094;1.036;1.925;4.837;6.019;35.735
AMERICAN AIRLINES ;7.439;7.264;7.980;6.624;7.537;6.251;6.175;9.258;7.581;6.091;7.950;9.762;89.911
ATLAS AIR INC.    ;16.370;16.877;17.803;16.402;13.675;20.626;14.474;18.565;15.480;16.750;31.793;29.058;227.870
CENTURION AIR CARGO;0;0;531;0;0;0;4.857;1.527;3.223;92;833;0;11.062
DELTA AIRLINES    ;4.034;3.242;3.448;3.070;2.667;4.042;4.454;6.335;5.090;6.333;3.273;3.154;49.142
UNITED AIRLINES   ;1.885;2.690;2.841;3.742;2.313;3.549;4.380;3.671;4.011;4.767;4.750;5.614;44.213
NORTEAMERICANAS   ;37.800;33.590;36.763;31.187;27.428;35.693;35.605;40.450;36.421;35.958;53.436;53.607;457.933
AIR EUROPA        ;251;232;19;0;0;0;0;0;0;0;0;0;503
IBERIA            ;355;2.312;5.188;3.815;1.317;1.279;1.346;1.276;416;777;1.649;1.664;21.395
AIR FRANCE        ;1.262;894;2.093;1.462;1.293;1.030;1.972;948;1.105;2.681;4.157;5.255;24.152
CARGOLUX AIRLINES ;1.571;2.242;2.018;0;0;0;0;0;0;0;3.266;11.160;20.258
K.L.M.            ;48;26;412;59;53;54;56;58;54;656;1.050;1.554;4.080
MARTINAIR HOLLAND ;8.270;9.185;11.398;7.817;5.080;7.263;8.262;8.213;7.442;8.697;7.288;6.786;95.703
EUROPEAS          ;11.757;14.891;21.128;13.153;7.743;9.626;11.636;10.495;9.017;12.811;17.410;26.419;166.091
QANTAS AIRWAYS    ;1.199;653;586;1.430;1.663;1.661;939;1.125;901;892;886;815;12.750
PACIFICO SUR      ;1.199;653;586;1.430;1.663;1.661;939;1.125;901;892;886;815;12.750
TOTAL GENERAL;129.174;126.414;144.011;128.947;103.240;118.803;121.168;124.904;122.013;132.116;158.520;177.983;1.587.314
;;;;;;;;;;;;;
;;;;;;;;;;;;;
;;;;;;;;;;;;;
;;;;;;;;;;;;;
;;;;;;;;;;;;;
;;;;;;;;;;;;;
;;;;;;;;;;;;;
;;;;;;;;;;;;;
;;;;;;;;;;;;;
;;;;;;;;;;;;;
;;;;;;;;;;;;;
;;;;;;;;;;;;;
;;;;;;;;;;;;;
;;;;;;;;;;;;;
;;;;;;;;;;;;;
;;;;;;;;;;;;;
;;;;;;;;;;;;;
;;;;;;;;;;;;;
;;;;;;;;;;;;;
;;;;;;;;;;;;;
;;;;;;;;;;;;;
;;;;;;;;;;;;;
;;;;;;;;;;;;;
;;;;;;;;;;;;;
;;;;;;;;;;;;;
;;;;;;;;;;;;;
;;;;;;;;;;;;;
;;;;;;;;;;;;;
;;;;;;;;;;;;;
;;;;;;;;;;;;;
;;;;;;;;;;;;;
;;;;;;;;;;;;;
;;;;;;;;;;;;;
;;;;;;;;;;;;;
;;;;;;;;;;;;;
;;;;;;;;;;;;;
;;;;;;;;;;;;;
;;;;;;;;;;;;;
;;;;;;;;;;;;;
;;;;;;;;;;;;;
;;;;;;;;;;;;;
;;;;;;;;;;;;;
;;;;;;;;;;;;;
;;;;;;;;;;;;;
;;;;;;;;;;;;;
;;;;;;;;;;;;;
;;;;;;;;;;;;;
;;;;;;;;;;;;;
;;;;;;;;;;;;;
;;;;;;;;;;;;;
;;;;;;;;;;;;;
;;;;;;;;;;;;;
;;;;;;;;;;;;;
;;;;;;;;;;;;;
;;;;;;;;;;;;;
;;;;;;;;;;;;;
;;;;;;;;;;;;;
;;;;;;;;;;;;;
;;;;;;;;;;;;;
;;;;;;;;;;;;;
;;;;;;;;;;;;;
;;;;;;;;;;;;;
;;;;;;;;;;;;;
;;;;;;;;;;;;;
;;;;;;;;;;;;;
;;;;;;;;;;;;;
;;;;;;;;;;;;;
;;;;;;;;;;;;;
;;;;;;;;;;;;;
;;;;;;;;;;;;;
;;;;;;;;;;;;;
;;;;;;;;;;;;;
;;;;;;;;;;;;;
;;;;;;;;;;;;;
;;;;;;;;;;;;;
;;;;;;;;;;;;;
;;;;;;;;;;;;;
;;;;;;;;;;;;;
;;;;;;;;;;;;;
;;;;;;;;;;;;;
;;;;;;;;;;;;;
;;;;;;;;;;;;;
;;;;;;;;;;;;;
;;;;;;;;;;;;;
;;;;;;;;;;;;;
;;;;;;;;;;;;;
;;;;;;;;;;;;;
;;;;;;;;;;;;;
;;;;;;;;;;;;;
;;;;;;;;;;;;;
;;;;;;;;;;;;;
;;;;;;;;;;;;;
;;;;;;;;;;;;;
;;;;;;;;;;;;;
;;;;;;;;;;;;;
;;;;;;;;;;;;;
;;;;;;;;;;;;;
;;;;;;;;;;;;;
;;;;;;;;;;;;;
;;;;;;;;;;;;;
;;;;;;;;;;;;;
;;;;;;;;;;;;;
;;;;;;;;;;;;;
;;;;;;;;;;;;;
;;;;;;;;;;;;;
;;;;;;;;;;;;;
;;;;;;;;;;;;;
;;;;;;;;;;;;;
;;;;;;;;;;;;;
;;;;;;;;;;;;;
;;;;;;;;;;;;;
;;;;;;;;;;;;;
;;;;;;;;;;;;;
;;;;;;;;;;;;;
;;;;;;;;;;;;;
;;;;;;;;;;;;;
;;;;;;;;;;;;;
;;;;;;;;;;;;;
;;;;;;;;;;;;;
;;;;;;;;;;;;;
;;;;;;;;;;;;;
;;;;;;;;;;;;;
;;;;;;;;;;;;;
;;;;;;;;;;;;;
;;;;;;;;;;;;;
;;;;;;;;;;;;;
;;;;;;;;;;;;;
;;;;;;;;;;;;;
;;;;;;;;;;;;;
;;;;;;;;;;;;;
;;;;;;;;;;;;;
;;;;;;;;;;;;;
;;;;;;;;;;;;;
;;;;;;;;;;;;;
;;;;;;;;;;;;;
;;;;;;;;;;;;;
;;;;;;;;;;;;;
;;;;;;;;;;;;;
;;;;;;;;;;;;;
;;;;;;;;;;;;;
;;;;;;;;;;;;;
;;;;;;;;;;;;;
;;;;;;;;;;;;;
;;;;;;;;;;;;;
;;;;;;;;;;;;;
;;;;;;;;;;;;;
;;;;;;;;;;;;;
;;;;;;;;;;;;;
;;;;;;;;;;;;;
;;;;;;;;;;;;;
;;;;;;;;;;;;;
;;;;;;;;;;;;;
;;;;;;;;;;;;;
;;;;;;;;;;;;;
;;;;;;;;;;;;;
;;;;;;;;;;;;;
;;;;;;;;;;;;;
;;;;;;;;;;;;;
;;;;;;;;;;;;;
;;;;;;;;;;;;;
;;;;;;;;;;;;;
;;;;;;;;;;;;;
;;;;;;;;;;;;;
;;;;;;;;;;;;;
;;;;;;;;;;;;;
;;;;;;;;;;;;;
;;;;;;;;;;;;;
;;;;;;;;;;;;;
;;;;;;;;;;;;;
;;;;;;;;;;;;;
;;;;;;;;;;;;;
;;;;;;;;;;;;;
;;;;;;;;;;;;;
;;;;;;;;;;;;;
;;;;;;;;;;;;;
;;;;;;;;;;;;;
;;;;;;;;;;;;;
;;;;;;;;;;;;;
;;;;;;;;;;;;;
;;;;;;;;;;;;;
;;;;;;;;;;;;;
;;;;;;;;;;;;;
;;;;;;;;;;;;;
;;;;;;;;;;;;;
;;;;;;;;;;;;;
;;;;;;;;;;;;;
;;;;;;;;;;;;;
;;;;;;;;;;;;;
;;;;;;;;;;;;;
;;;;;;;;;;;;;
;;;;;;;;;;;;;
;;;;;;;;;;;;;
;;;;;;;;;;;;;
;;;;;;;;;;;;;
;;;;;;;;;;;;;
;;;;;;;;;;;;;
;;;;;;;;;;;;;
;;;;;;;;;;;;;
;;;;;;;;;;;;;
;;;;;;;;;;;;;
;;;;;;;;;;;;;
;;;;;;;;;;;;;
;;;;;;;;;;;;;
;;;;;;;;;;;;;
;;;;;;;;;;;;;
;;;;;;;;;;;;;
;;;;;;;;;;;;;
;;;;;;;;;;;;;
;;;;;;;;;;;;;
;;;;;;;;;;;;;
;;;;;;;;;;;;;
;;;;;;;;;;;;;
;;;;;;;;;;;;;
;;;;;;;;;;;;;
;;;;;;;;;;;;;
;;;;;;;;;;;;;
;;;;;;;;;;;;;
;;;;;;;;;;;;;
;;;;;;;;;;;;;
;;;;;;;;;;;;;
;;;;;;;;;;;;;
;;;;;;;;;;;;;
;;;;;;;;;;;;;
;;;;;;;;;;;;;
;;;;;;;;;;;;;
;;;;;;;;;;;;;
;;;;;;;;;;;;;
;;;;;;;;;;;;;
;;;;;;;;;;;;;
;;;;;;;;;;;;;
;;;;;;;;;;;;;
;;;;;;;;;;;;;
;;;;;;;;;;;;;
;;;;;;;;;;;;;
;;;;;;;;;;;;;
;;;;;;;;;;;;;
;;;;;;;;;;;;;
;;;;;;;;;;;;;
;;;;;;;;;;;;;
;;;;;;;;;;;;;
;;;;;;;;;;;;;
;;;;;;;;;;;;;
;;;;;;;;;;;;;
;;;;;;;;;;;;;
;;;;;;;;;;;;;
;;;;;;;;;;;;;
;;;;;;;;;;;;;
;;;;;;;;;;;;;
;;;;;;;;;;;;;
;;;;;;;;;;;;;
;;;;;;;;;;;;;
;;;;;;;;;;;;;
;;;;;;;;;;;;;
;;;;;;;;;;;;;
;;;;;;;;;;;;;
;;;;;;;;;;;;;
;;;;;;;;;;;;;
;;;;;;;;;;;;;
;;;;;;;;;;;;;
;;;;;;;;;;;;;
;;;;;;;;;;;;;
;;;;;;;;;;;;;
;;;;;;;;;;;;;
;;;;;;;;;;;;;
;;;;;;;;;;;;;
;;;;;;;;;;;;;
;;;;;;;;;;;;;
;;;;;;;;;;;;;
;;;;;;;;;;;;;
;;;;;;;;;;;;;
;;;;;;;;;;;;;
;;;;;;;;;;;;;
;;;;;;;;;;;;;
;;;;;;;;;;;;;
;;;;;;;;;;;;;
;;;;;;;;;;;;;
;;;;;;;;;;;;;
;;;;;;;;;;;;;
;;;;;;;;;;;;;
;;;;;;;;;;;;;
;;;;;;;;;;;;;
;;;;;;;;;;;;;
;;;;;;;;;;;;;
;;;;;;;;;;;;;
;;;;;;;;;;;;;
;;;;;;;;;;;;;
;;;;;;;;;;;;;
;;;;;;;;;;;;;
;;;;;;;;;;;;;
;;;;;;;;;;;;;
;;;;;;;;;;;;;
;;;;;;;;;;;;;
;;;;;;;;;;;;;
;;;;;;;;;;;;;
;;;;;;;;;;;;;
;;;;;;;;;;;;;
;;;;;;;;;;;;;