TRAFICO INTERNACIONAL CON RELACION A CHILE;;;;;;;;;;
TOTALES POR OPERADORES ANUALES;;;;;;;;;;
TRAFICO DE PASAJEROS LLEGADOS A CHILE;;;;;;;;;;
;;;;;;;;;;
OPERADORES;2005;2006;2007;2008;2009;2010;2011;2012;2013;2014
PAL AIRLINES;0;0;0;21.517;2.475;17.992;20.956;16.483;16.998;17.288
AEROLINEAS DEL SUR;186;143;0;0;0;0;0;0;0;0
AEROVIAS D.A.P.   ;419;68;1.073;31;30;78;9;322;79;8
LAN AIRLINES         ;1.106.645;1.146.449;1.299.395;1.272.762;1.168.515;1.262.795;1.492.706;1.867.278;1.791.421;1.833.893
LAN EXPRESS       ;64.806;67.375;67.882;72.520;68.714;67.553;72.236;7.213;0;174
SKY AIRLINE       ;6.307;6.599;6.918;10.636;10.605;30.433;96.564;143.744;181.372;218.713
CHILENAS          ;1.178.363;1.220.634;1.375.268;1.377.466;1.250.339;1.378.851;1.682.471;2.035.040;1.989.870;2.070.076
AEROL. ARGENTINAS ;124.065;97.191;104.889;78.808;71.862;96.034;104.606;41.034;59.105;40.906
AUSTRAL           ;0;1.884;193;1.212;0;0;0;59.763;78.873;89.124
LAN ARGENTINA     ;0;8.594;20.893;15.331;57.969;82.688;37.215;72.518;49.217;21.872
LINEA A.DEL ESTADO;0;126;0;0;0;0;0;0;0;0
LAN PERU          ;28.801;14.920;57.249;79.101;89.780;77.777;105.772;113.852;109.439;139.023
TACA-PERU         ;0;33.790;10.011;44.476;43.264;52.600;73.536;66.780;789;49
LLOYD A. BOLIVIANO;16.811;9.567;2.228;0;0;0;0;0;0;0
GOL TRANS         ;0;25.651;143.150;74.262;51.637;44.823;62.314;56.214;433;49.709
T.A.M. LINEAS AEREAS;36.077;56.483;78.251;74.840;119.123;151.184;138.417;175.175;281.537;235.889
VARIG             ;112.801;47.534;0;0;0;0;0;0;0;0
VRG LINHAS AEREAS ;0;0;1.766;38.812;10.969;0;0;0;0;0
T.A.M.            ;21.852;29.389;22.727;21.589;15.652;15.961;17.002;20.679;20.004;22.548
BQB LINEAS AEREAS ;0;0;0;0;0;0;0;0;529;7.130
PLUNA             ;19.321;22.018;22.733;20.495;40.508;51.458;72.476;42.376;0;0
LAN ECUADOR       ;0;21.161;57.675;75.874;85.530;90.173;74.189;48.875;52.532;50.570
AVIANCA           ;19.642;22.722;29.689;38.004;36.349;41.626;47.860;71.974;80.011;78.885
LAN COLOMBIA      ;0;0;0;0;0;0;0;0;11.906;48.207
L.A.C.S.A.        ;39.603;4.205;37.857;2.015;1.359;1.767;3.334;1.774;63.449;74.578
C.O.P.A.          ;43.270;61.766;69.343;73.686;74.002;83.311;119.260;153.851;198.032;208.396
AEROMEXICO        ;15.671;19.298;21.215;15.222;15.615;15.754;23.807;28.908;15.890;28.303
LATINOAMERICANAS  ;477.914;476.299;679.869;653.727;713.619;805.156;879.788;953.773;1.021.746;1.095.189
AIR CANADA        ;35.995;37.431;40.166;57.980;45.631;56.593;64.858;74.978;66.565;59.549
AMERICAN AIRLINES ;101.723;112.484;118.442;118.212;116.005;123.764;132.532;146.531;149.551;156.959
DELTA AIRLINES    ;49.806;61.421;60.303;54.179;48.728;50.671;57.240;60.057;63.594;66.874
UNITED AIRLINES   ;0;0;0;0;0;0;0;0;0;4.608
NORTEAMERICANAS   ;187.524;211.336;218.911;230.371;210.364;231.028;254.630;281.566;279.710;287.990
LUFTHANSA         ;63.683;20.427;0;0;0;0;0;0;0;0
AIR COMET         ;0;0;22.838;16.189;0;0;0;0;0;0
AIR EUROPA        ;0;0;0;0;0;0;0;0;0;10.088
AIR MADRID        ;13.896;33.899;0;0;0;0;0;0;0;0
IBERIA            ;69.393;89.496;96.037;100.514;98.876;92.598;94.980;101.982;111.149;105.354
AIR FRANCE        ;56.504;69.050;61.782;68.867;68.475;67.395;88.627;106.582;112.740;105.542
SWISSAIR          ;0;26.880;45.402;63.635;15.519;0;0;0;0;0
K.L.M.            ;0;0;0;0;0;0;0;0;0;32.025
EUROPEAS          ;203.476;239.752;226.059;249.205;182.870;159.993;183.607;208.564;223.889;253.009
QANTAS AIRWAYS    ;0;0;0;0;0;0;0;32.384;48.777;53.716
PACIFICO SUR      ;0;0;0;0;0;0;0;32.384;48.777;53.716
TOTAL GENERAL;2.047.277;2.148.021;2.500.107;2.510.769;2.357.192;2.575.028;3.000.496;3.511.327;3.563.992;3.759.980
;;;;;;;;;;
;;;;;;;;;;
;;;;;;;;;;
TRAFICO INTERNACIONAL CON RELACION A CHILE;;;;;;;;;;
TOTALES POR OPERADORES ANUALES;;;;;;;;;;
TRAFICO DE PASAJEROS SALIDOS DESDE CHILE;;;;;;;;;;
;;;;;;;;;;
OPERADORES;2005;2006;2007;2008;2009;2010;2011;2012;2013;2014
PAL AIRLINES;0;0;0;21.770;2.466;17.222;22.606;18.002;17.174;18.408
AEROLINEAS DEL SUR;187;164;0;0;0;0;0;0;0;0
AEROVIAS D.A.P.   ;441;102;1.123;50;9;80;2;343;80;89
LAN AIRLINES         ;1.091.498;1.139.156;1.282.926;1.247.826;1.157.930;1.262.101;1.488.454;1.867.137;1.790.266;1.843.328
LAN EXPRESS       ;52.899;61.594;57.697;67.031;65.263;62.701;72.004;7.697;0;0
SKY AIRLINE       ;7.246;6.607;6.230;10.655;18.995;33.040;119.537;132.186;166.552;205.936
CHILENAS          ;1.152.271;1.207.623;1.347.976;1.347.332;1.244.663;1.375.144;1.702.603;2.025.365;1.974.072;2.067.761
AEROL. ARGENTINAS ;123.150;93.159;98.646;73.221;67.831;95.455;98.536;39.976;56.307;39.686
AUSTRAL           ;0;1.623;63;1.288;0;0;0;57.289;76.642;88.220
LAN ARGENTINA     ;0;471;21.159;17.761;62.179;87.036;36.014;71.719;47.622;18.722
LAN PERU          ;29.491;11.188;59.541;84.284;87.726;74.470;114.681;103.746;106.874;143.639
TACA-PERU         ;0;32.398;9.500;43.558;41.521;51.143;67.832;63.507;786;0
AMASZONAS S.A.    ;0;0;0;0;0;0;0;0;0;1.403
LLOYD A. BOLIVIANO;14.745;7.895;2.315;0;0;0;0;0;0;0
GOL TRANS         ;0;25.113;143.624;74.644;49.771;44.782;62.368;59.474;1.057;45.758
T.A.M. LINEAS AEREAS;33.487;53.971;74.857;68.837;116.003;142.092;151.940;168.316;264.990;226.576
VARIG             ;104.485;47.958;0;0;0;0;0;0;0;0
VRG LINHAS AEREAS ;0;0;380;38.828;11.610;0;0;0;0;0
T.A.M.            ;18.914;22.834;16.864;16.535;11.477;13.066;17.090;19.035;16.737;22.127
BQB LINEAS AEREAS ;0;0;0;0;0;0;0;0;628;7.147
PLUNA             ;20.587;24.029;21.700;19.873;38.982;50.729;71.213;43.515;0;0
LAN ECUADOR       ;0;20.706;56.730;75.391;86.977;91.314;71.894;51.963;53.983;52.689
T.A.M.E.          ;0;0;0;0;0;0;405;0;210;0
AVIANCA           ;17.664;20.362;27.379;34.537;33.574;39.859;44.711;66.904;75.810;75.618
LAN COLOMBIA      ;0;0;0;0;0;0;0;0;12.382;46.936
L.A.C.S.A.        ;37.259;4.056;35.574;1.323;1.315;1.978;3.027;1.908;57.525;71.574
CUBANA DE AVIACION;0;0;0;75;0;0;0;0;0;0
C.O.P.A.          ;41.799;58.474;65.449;70.473;69.764;80.065;111.686;145.181;185.807;195.559
AEROMEXICO        ;18.438;19.278;20.833;17.283;17.457;15.397;18.911;23.913;14.166;25.666
LATINOAMERICANAS  ;460.019;443.515;654.614;637.911;696.187;787.386;870.308;916.446;971.526;1.061.320
AIR CANADA        ;33.747;35.999;38.319;57.227;43.133;53.607;58.508;70.273;65.168;58.765
AMERICAN AIRLINES ;94.959;104.770;108.158;104.949;97.995;95.463;99.283;106.898;111.648;110.009
DELTA AIRLINES    ;43.984;57.320;53.484;53.691;48.386;51.264;55.865;57.099;61.059;63.880
UNITED AIRLINES   ;0;0;0;0;0;0;0;0;0;3.719
NORTEAMERICANAS   ;172.690;198.089;199.961;215.867;189.514;200.334;213.656;234.270;237.875;236.373
LUFTHANSA         ;60.818;22.246;0;0;0;0;0;0;0;0
AIR COMET         ;0;0;23.078;17.633;0;0;0;0;0;0
AIR EUROPA        ;0;0;0;0;0;0;0;0;0;9.016
AIR MADRID        ;14.216;39.670;0;0;0;0;0;0;0;0
IBERIA            ;63.682;79.200;85.512;83.982;87.713;84.950;91.471;89.377;97.943;103.308
AIR FRANCE        ;53.861;68.291;58.042;66.514;64.325;66.915;85.796;103.679;108.594;102.833
SWISSAIR          ;0;24.836;45.200;58.290;14.182;0;0;0;0;0
K.L.M.            ;0;0;0;0;0;0;0;0;0;29.769
EUROPEAS          ;192.577;234.243;211.832;226.419;166.220;151.865;177.267;193.056;206.537;244.926
QANTAS AIRWAYS    ;0;0;0;0;0;0;0;18.675;49.243;48.020
PACIFICO SUR      ;0;0;0;0;0;0;0;18.675;49.243;48.020
TOTAL GENERAL;1.977.557;2.083.470;2.414.383;2.427.529;2.296.584;2.514.729;2.963.834;3.387.812;3.439.253;3.658.400
;;;;;;;;;;
;;;;;;;;;;
;;;;;;;;;;
TRAFICO INTERNACIONAL CON RELACION A CHILE;;;;;;;;;;
TOTALES POR OPERADORES ANUALES;;;;;;;;;;
TRAFICO DE PASAJEROS TOTALES (Llegados+Salidos) CON CHILE;;;;;;;;;;
;;;;;;;;;;
OPERADORES;2005;2006;2007;2008;2009;2010;2011;2012;2013;2014
PAL AIRLINES;0;0;0;43.287;4.941;35.214;43.562;34.485;34.172;35.696
AEROLINEAS DEL SUR;373;307;0;0;0;0;0;0;0;0
AEROVIAS D.A.P.   ;860;170;2.196;81;39;158;11;665;159;97
LAN AIRLINES         ;2.198.143;2.285.605;2.582.321;2.520.588;2.326.445;2.524.896;2.981.160;3.734.415;3.581.687;3.677.221
LAN EXPRESS       ;117.705;128.969;125.579;139.551;133.977;130.254;144.240;14.910;0;174
SKY AIRLINE       ;13.553;13.206;13.148;21.291;29.600;63.473;216.101;275.930;347.924;424.649
CHILENAS          ;2.330.634;2.428.257;2.723.244;2.724.798;2.495.002;2.753.995;3.385.074;4.060.405;3.963.942;4.137.837
AEROL. ARGENTINAS ;247.215;190.350;203.535;152.029;139.693;191.489;203.142;81.010;115.412;80.592
AUSTRAL           ;0;3.507;256;2.500;0;0;0;117.052;155.515;177.344
LAN ARGENTINA     ;0;9.065;42.052;33.092;120.148;169.724;73.229;144.237;96.839;40.594
LINEA A.DEL ESTADO;0;126;0;0;0;0;0;0;0;0
LAN PERU          ;58.292;26.108;116.790;163.385;177.506;152.247;220.453;217.598;216.313;282.662
TACA-PERU         ;0;66.188;19.511;88.034;84.785;103.743;141.368;130.287;1.575;49
AMASZONAS S.A.    ;0;0;0;0;0;0;0;0;0;1.403
LLOYD A. BOLIVIANO;31.556;17.462;4.543;0;0;0;0;0;0;0
GOL TRANS         ;0;50.764;286.774;148.906;101.408;89.605;124.682;115.688;1.490;95.467
T.A.M. LINEAS AEREAS;69.564;110.454;153.108;143.677;235.126;293.276;290.357;343.491;546.527;462.465
VARIG             ;217.286;95.492;0;0;0;0;0;0;0;0
VRG LINHAS AEREAS ;0;0;2.146;77.640;22.579;0;0;0;0;0
T.A.M.            ;40.766;52.223;39.591;38.124;27.129;29.027;34.092;39.714;36.741;44.675
BQB LINEAS AEREAS ;0;0;0;0;0;0;0;0;1.157;14.277
PLUNA             ;39.908;46.047;44.433;40.368;79.490;102.187;143.689;85.891;0;0
LAN ECUADOR       ;0;41.867;114.405;151.265;172.507;181.487;146.083;100.838;106.515;103.259
T.A.M.E.          ;0;0;0;0;0;0;405;0;210;0
AVIANCA           ;37.306;43.084;57.068;72.541;69.923;81.485;92.571;138.878;155.821;154.503
LAN COLOMBIA      ;0;0;0;0;0;0;0;0;24.288;95.143
L.A.C.S.A.        ;76.862;8.261;73.431;3.338;2.674;3.745;6.361;3.682;120.974;146.152
CUBANA DE AVIACION;0;0;0;75;0;0;0;0;0;0
C.O.P.A.          ;85.069;120.240;134.792;144.159;143.766;163.376;230.946;299.032;383.839;403.955
AEROMEXICO        ;34.109;38.576;42.048;32.505;33.072;31.151;42.718;52.821;30.056;53.969
LATINOAMERICANAS  ;937.933;919.814;1.334.483;1.291.638;1.409.806;1.592.542;1.750.096;1.870.219;1.993.272;2.156.509
AIR CANADA        ;69.742;73.430;78.485;115.207;88.764;110.200;123.366;145.251;131.733;118.314
AMERICAN AIRLINES ;196.682;217.254;226.600;223.161;214.000;219.227;231.815;253.429;261.199;266.968
DELTA AIRLINES    ;93.790;118.741;113.787;107.870;97.114;101.935;113.105;117.156;124.653;130.754
UNITED AIRLINES   ;0;0;0;0;0;0;0;0;0;8.327
NORTEAMERICANAS   ;360.214;409.425;418.872;446.238;399.878;431.362;468.286;515.836;517.585;524.363
LUFTHANSA         ;124.501;42.673;0;0;0;0;0;0;0;0
AIR COMET         ;0;0;45.916;33.822;0;0;0;0;0;0
AIR EUROPA        ;0;0;0;0;0;0;0;0;0;19.104
AIR MADRID        ;28.112;73.569;0;0;0;0;0;0;0;0
IBERIA            ;133.075;168.696;181.549;184.496;186.589;177.548;186.451;191.359;209.092;208.662
AIR FRANCE        ;110.365;137.341;119.824;135.381;132.800;134.310;174.423;210.261;221.334;208.375
SWISSAIR          ;0;51.716;90.602;121.925;29.701;0;0;0;0;0
K.L.M.            ;0;0;0;0;0;0;0;0;0;61.794
EUROPEAS          ;396.053;473.995;437.891;475.624;349.090;311.858;360.874;401.620;430.426;497.935
QANTAS AIRWAYS    ;0;0;0;0;0;0;0;51.059;98.020;101.736
PACIFICO SUR      ;0;0;0;0;0;0;0;51.059;98.020;101.736
TOTAL GENERAL;4.024.834;4.231.491;4.914.490;4.938.298;4.653.776;5.089.757;5.964.330;6.899.139;7.003.245;7.418.380
;;;;;;;;;;
;;;;;;;;;;
;;;;;;;;;;
TRAFICO INTERNACIONAL CON RELACION A CHILE;;;;;;;;;;
TOTALES POR OPERADORES ANUALES;;;;;;;;;;
TRAFICO DE CARGA EN KILOS LLEGADAS A CHILE;;;;;;;;;;
;;;;;;;;;;
OPERADORES;2005;2006;2007;2008;2009;2010;2011;2012;2013;2014
PAL AIRLINES;0;0;0;0;0;0;0;0;0;48
LAN CARGO            ;9.879;17.489;21.406;23.078;17.911;26.481;25.270;24.892;21.858;22.602
LAN AIRLINES         ;41.986;41.439;41.019;42.419;38.675;44.849;42.332;42.638;39.620;40.385
LAN EXPRESS       ;3.380;2.792;2.407;3.167;2.881;2.882;1.793;278;0;0
SKY AIRLINE       ;0;0;0;240;0;0;2;222;438;259
CHILENAS          ;55.245;61.720;64.832;68.904;59.467;74.212;69.397;68.030;61.916;63.294
AEROL. ARGENTINAS ;1.156;1.549;936;606;232;99;37;57;16;8
AUSTRAL           ;0;21;0;8;0;0;0;18;16;24
LAN ARGENTINA     ;0;609;351;13;41;68;6;160;33;4
CIELOS DEL PERU   ;5.306;5.612;8.107;12.989;0;0;0;0;0;0
LAN PERU          ;2.069;454;709;1.606;2.034;1.957;445;689;573;672
LLOYD A. BOLIVIANO;200;97;13;0;0;0;0;0;0;0
GOL TRANS         ;0;80;621;325;372;313;364;276;0;0
T.A.M. LINEAS AEREAS;365;1.433;1.749;2.545;2.891;3.680;4.651;3.422;0;0
VARIG             ;3.823;790;0;0;0;0;0;0;0;0
VARIG LOG SA      ;0;361;1.130;1.189;469;0;0;0;0;0
VRG LINHAS AEREAS ;0;0;11;187;19;0;0;0;0;0
T.A.M.            ;125;99;70;151;112;122;110;82;0;0
PLUNA             ;336;176;332;54;25;60;3;0;0;0
LAN ECUADOR       ;0;220;294;170;301;352;573;434;273;148
AVIANCA           ;873;792;897;952;1.171;866;1.181;2.881;2.772;2.281
LAN COLOMBIA      ;0;0;0;0;0;0;0;0;511;1.783
LANCO (CARGA)     ;0;0;0;0;0;0;46;563;131;0
TAMPA             ;1.240;2.792;893;0;0;0;0;0;0;0
C.O.P.A.          ;139;93;96;103;271;361;276;161;121;194
AEROMEXICO        ;755;908;820;793;1.024;851;1.119;1.595;739;1.350
LATINOAMERICANAS  ;16.387;16.086;17.029;21.691;8.962;8.729;8.811;10.338;5.185;6.464
AIR CANADA        ;1.270;1.389;1.791;2.577;1.214;2.405;2.750;3.160;2.910;2.701
AMERICAN AIRLINES ;3.932;4.639;3.429;3.165;2.752;2.335;2.180;1.188;1.489;1.318
ARROW CARGO       ;0;297;349;1.622;105;561;0;0;0;0
ATLAS AIR INC.    ;1.729;1.295;4.719;1.837;4.448;6.848;7.957;9.296;13.006;12.877
CENTURION AIR CARGO;0;0;0;0;7.595;12.457;13.366;8.612;4.293;1.107
DELTA AIRLINES    ;2.793;2.044;1.044;760;718;706;706;724;724;751
POLAR AIR CARGO   ;7.063;9.288;9.397;5.387;0;0;0;0;0;0
UNITED AIRLINES   ;0;0;0;0;0;0;0;0;0;39
NORTEAMERICANAS   ;16.787;18.952;20.729;15.348;16.832;25.312;26.959;22.980;22.422;18.793
LUFTHANSA         ;2.234;522;0;0;0;0;0;0;0;0
AIR COMET         ;0;0;201;234;0;0;0;0;0;0
AIR EUROPA        ;0;0;0;0;0;0;0;0;0;412
AIR MADRID        ;159;251;0;0;0;0;0;0;0;0
IBERIA            ;2.602;2.948;3.336;2.651;2.792;3.777;4.188;4.211;4.473;2.163
AIR FRANCE        ;1.541;2.373;2.218;1.613;1.408;2.013;1.465;1.008;1.309;1.220
CARGOLUX AIRLINES ;2.236;2.722;2.963;3.014;2.331;1.911;0;34;1.336;2.377
SWISSAIR          ;0;996;1.598;2.590;713;0;0;0;0;0
K.L.M.            ;0;0;0;0;0;0;0;0;0;275
MARTINAIR HOLLAND ;5.371;6.381;5.756;6.970;10.247;10.651;13.271;14.084;12.690;10.570
EUROPEAS          ;14.143;16.193;16.072;17.072;17.491;18.352;18.924;19.337;19.808;17.017
QANTAS AIRWAYS    ;0;0;0;0;0;0;0;103;0;510
PACIFICO SUR      ;0;0;0;0;0;0;0;103;0;510
TOTAL GENERAL;102.562;112.951;118.662;123.015;102.752;126.605;124.091;120.788;109.331;106.078
;;;;;;;;;;
;;;;;;;;;;
;;;;;;;;;;
TRAFICO INTERNACIONAL CON RELACION A CHILE;;;;;;;;;;
TOTALES POR OPERADORES ANUALES;;;;;;;;;;
TRAFICO DE CARGA EN KILOS SALIDAS DESDE CHILE;;;;;;;;;;
;;;;;;;;;;
OPERADORES;2005;2006;2007;2008;2009;2010;2011;2012;2013;2014
PAL AIRLINES;0;0;0;0;0;0;93;0;0;27
LAN CARGO            ;19.705;22.672;32.460;30.525;17.247;23.732;23.955;30.653;28.251;31.744
LAN AIRLINES         ;50.964;50.221;55.061;50.160;47.464;51.893;52.707;60.875;62.511;62.391
LAN EXPRESS       ;4.047;4.022;4.137;4.556;4.392;4.268;3.350;228;0;0
SKY AIRLINE       ;0;0;0;420;138;21;0;383;688;881
CHILENAS          ;74.716;76.915;91.658;85.661;69.241;79.914;80.105;92.139;91.450;95.043
AEROL. ARGENTINAS ;470;747;315;232;234;183;120;97;168;68
AUSTRAL           ;0;22;4;4;0;0;0;26;90;199
LAN ARGENTINA     ;0;77;321;16;23;50;2;31;14;8
CIELOS DEL PERU   ;10.854;7.484;12.679;14.349;0;0;0;0;0;0
LAN PERU          ;3.693;584;977;2.161;2.852;1.721;32;45;116;301
TACA-PERU         ;0;316;147;505;429;486;530;513;0;0
LLOYD A. BOLIVIANO;708;355;59;0;0;0;0;0;0;0
GOL TRANS         ;0;114;366;261;321;279;158;111;0;0
T.A.M. LINEAS AEREAS;217;2.112;3.273;4.659;6.091;5.887;5.824;4.713;0;0
VARIG             ;5.719;896;0;0;0;0;0;0;0;0
VARIG LOG SA      ;0;501;1.126;593;365;0;0;0;0;0
VRG LINHAS AEREAS ;0;0;75;149;25;0;0;0;0;0
T.A.M.            ;207;243;168;301;235;323;278;167;0;0
PLUNA             ;702;358;540;150;49;145;8;6;0;0
LAN ECUADOR       ;815;992;578;154;163;179;276;110;116;81
AVIANCA           ;1.186;1.261;1.622;1.517;1.788;1.130;1.396;3.118;3.747;3.616
LAN COLOMBIA      ;0;0;0;0;0;0;0;0;1.057;3.645
LANCO (CARGA)     ;0;0;0;0;0;0;619;166;129;247
TAMPA             ;1.769;2.714;910;0;0;0;0;0;0;0
L.A.C.S.A.        ;391;34;355;6;16;23;47;30;625;549
C.O.P.A.          ;264;149;215;192;348;332;284;118;37;90
AEROMEXICO        ;2.052;1.342;1.418;807;937;1.053;1.323;1.932;1.214;2.449
LATINOAMERICANAS  ;29.047;20.301;25.148;26.056;13.876;11.791;10.897;11.183;7.313;11.253
AIR CANADA        ;1.727;1.605;1.736;1.848;1.552;2.874;3.312;3.252;3.720;3.785
AMERICAN AIRLINES ;8.418;7.221;7.436;6.873;6.039;5.883;6.635;8.336;8.664;8.951
ARROW CARGO       ;0;1.602;3.325;4.346;4.509;883;0;0;0;0
ATLAS AIR INC.    ;3.721;2.149;5.917;5.720;10.204;9.372;11.250;18.743;22.965;20.920
CENTURION AIR CARGO;0;0;0;0;10.495;14.023;12.987;14.620;7.900;5.269
DELTA AIRLINES    ;4.599;4.007;5.175;7.722;6.449;6.706;10.239;11.789;11.356;7.633
POLAR AIR CARGO   ;11.777;12.796;15.254;10.150;0;0;0;0;0;0
UNITED AIRLINES   ;0;0;0;0;0;0;0;0;0;185
NORTEAMERICANAS   ;30.242;29.380;38.843;36.659;39.248;39.741;44.423;56.740;54.605;46.743
LUFTHANSA         ;2.210;657;0;0;0;0;0;0;0;0
AIR COMET         ;0;0;293;210;0;0;0;0;0;0
AIR EUROPA        ;0;0;0;0;0;0;0;0;0;185
AIR MADRID        ;273;391;0;0;0;0;0;0;0;0
IBERIA            ;3.313;3.971;4.329;4.088;4.107;4.228;3.893;2.351;3.187;2.490
AIR FRANCE        ;3.324;2.654;3.414;2.748;3.091;2.627;2.748;2.590;2.544;2.113
CARGOLUX AIRLINES ;791;695;1.027;946;881;601;43;0;948;1.810
SWISSAIR          ;0;1.142;2.829;2.551;699;0;0;0;0;0
K.L.M.            ;0;0;0;0;0;0;0;0;0;435
MARTINAIR HOLLAND ;301;229;1.080;559;864;1.134;1.301;1.438;1.411;1.856
EUROPEAS          ;10.212;9.739;12.972;11.102;9.642;8.590;7.985;6.379;8.090;8.889
QANTAS AIRWAYS    ;0;0;0;0;0;0;0;0;0;628
PACIFICO SUR      ;0;0;0;0;0;0;0;0;0;628
TOTAL GENERAL;144.217;136.335;168.621;159.478;132.007;140.036;143.410;166.441;161.458;162.556
;;;;;;;;;;
;;;;;;;;;;
;;;;;;;;;;
TRAFICO INTERNACIONAL CON RELACION A CHILE;;;;;;;;;;
TOTALES POR OPERADORES ANUALES;;;;;;;;;;
TRAFICO DE CARGA EN KILOS TOTALES (Llegadas+Salidas) CON CHILE;;;;;;;;;;
;;;;;;;;;;
OPERADORES;2005;2006;2007;2008;2009;2010;2011;2012;2013;2014
PAL AIRLINES;0;0;0;0;0;0;93;0;0;75
LAN CARGO            ;29.584;40.160;53.866;53.602;35.157;50.215;49.224;55.545;50.109;54.345
LAN AIRLINES         ;92.954;91.659;96.079;92.578;86.140;96.741;95.042;103.514;102.131;102.778
LAN EXPRESS       ;7.427;6.814;6.544;7.722;7.273;7.150;5.144;505;0;0
SKY AIRLINE       ;0;0;0;660;138;21;2;606;1.126;1.141
CHILENAS          ;129.965;138.633;156.489;154.562;128.708;154.127;149.505;160.170;153.366;158.339
AEROL. ARGENTINAS ;1.626;2.296;1.251;838;466;282;156;155;184;76
AUSTRAL           ;0;43;4;11;0;0;0;44;106;223
LAN ARGENTINA     ;0;687;672;29;64;119;8;191;47;12
CIELOS DEL PERU   ;16.160;13.096;20.787;27.338;0;0;0;0;0;0
LAN PERU          ;5.763;1.037;1.686;3.767;4.886;3.678;478;734;688;973
TACA-PERU         ;0;316;147;505;429;486;530;513;0;0
LLOYD A. BOLIVIANO;908;451;72;0;0;0;0;0;0;0
GOL TRANS         ;0;193;986;586;694;592;522;388;0;0
T.A.M. LINEAS AEREAS;583;3.545;5.021;7.204;8.982;9.566;10.474;8.135;0;0
VARIG             ;9.543;1.687;0;0;0;0;0;0;0;0
VARIG LOG SA      ;0;862;2.256;1.783;834;0;0;0;0;0
VRG LINHAS AEREAS ;0;0;86;336;44;0;0;0;0;0
T.A.M.            ;332;343;238;453;347;445;388;249;0;0
PLUNA             ;1.038;535;871;203;74;205;11;6;0;0
LAN ECUADOR       ;815;1.213;873;325;463;531;849;544;389;227
AVIANCA           ;2.059;2.052;2.519;2.469;2.959;1.995;2.577;5.999;6.519;5.898
LAN COLOMBIA      ;0;0;0;0;0;0;0;0;1.567;5.428
LANCO (CARGA)     ;0;0;0;0;0;0;665;730;260;247
TAMPA             ;3.009;5.506;1.803;0;0;0;0;0;0;0
L.A.C.S.A.        ;391;34;355;6;16;23;47;30;625;549
C.O.P.A.          ;403;243;310;294;619;693;560;280;158;284
AEROMEXICO        ;2.807;2.250;2.236;1.599;1.962;1.904;2.442;3.527;1.953;3.799
LATINOAMERICANAS  ;45.437;36.389;42.173;47.746;22.839;20.519;19.707;21.525;12.496;17.716
AIR CANADA        ;2.997;2.993;3.528;4.425;2.765;5.279;6.061;6.413;6.631;6.485
AMERICAN AIRLINES ;12.350;11.860;10.865;10.038;8.791;8.217;8.815;9.525;10.153;10.270
ARROW CARGO       ;0;1.899;3.675;5.968;4.614;1.444;0;0;0;0
ATLAS AIR INC.    ;5.449;3.446;10.636;7.557;14.652;16.221;19.207;28.039;35.971;33.797
CENTURION AIR CARGO;0;0;0;0;18.090;26.480;26.352;23.231;12.195;6.376
DELTA AIRLINES    ;7.392;6.051;6.219;8.482;7.167;7.412;10.945;12.513;12.080;8.384
POLAR AIR CARGO   ;18.841;22.085;24.652;15.536;0;0;0;0;0;0
UNITED AIRLINES   ;0;0;0;0;0;0;0;0;0;225
NORTEAMERICANAS   ;47.029;48.334;59.575;52.006;56.079;65.053;71.380;79.721;77.030;65.537
LUFTHANSA         ;4.444;1.178;0;0;0;0;0;0;0;0
AIR COMET         ;0;0;494;443;0;0;0;0;0;0
AIR EUROPA        ;0;0;0;0;0;0;0;0;0;597
AIR MADRID        ;432;642;0;0;0;0;0;0;0;0
IBERIA            ;5.915;6.919;7.665;6.739;6.900;8.006;8.080;6.562;7.659;4.653
AIR FRANCE        ;4.866;5.027;5.631;4.361;4.499;4.640;4.213;3.598;3.853;3.333
CARGOLUX AIRLINES ;3.026;3.417;3.990;3.960;3.213;2.512;43;34;2.284;4.187
SWISSAIR          ;0;2.137;4.428;5.142;1.412;0;0;0;0;0
K.L.M.            ;0;0;0;0;0;0;0;0;0;710
MARTINAIR HOLLAND ;5.672;6.610;6.836;7.527;11.111;11.786;14.572;15.522;14.101;12.427
EUROPEAS          ;24.355;25.930;29.044;28.172;27.135;26.944;26.908;25.716;27.897;25.907
QANTAS AIRWAYS    ;0;0;0;0;0;0;0;103;0;1.137
PACIFICO SUR      ;0;0;0;0;0;0;0;103;0;1.137
TOTAL GENERAL;246.786;249.286;287.281;282.486;234.761;266.643;267.500;287.235;270.789;268.636
;;;;;;;;;;
;;;;;;;;;;
;;;;;;;;;;
TRAFICO INTERNACIONAL CON RELACION A CHILE;;;;;;;;;;
TOTALES POR OPERADORES ANUALES;;;;;;;;;;
TRAFICO DE PASAJEROS-KILOMETROS (en Miles) LLEGADOS A CHILE;;;;;;;;;;
;;;;;;;;;;
OPERADORES;2005;2006;2007;2008;2009;2010;2011;2012;2013;2014
PAL AIRLINES;0;0;0;63.196;5.486;74.021;89.899;91.632;88.889;91.775
AEROLINEAS DEL SUR;212;342;0;0;0;0;0;0;0;0
AEROVIAS D.A.P.   ;99;17;220;9;8;24;2;111;87;3
LAN AIRLINES         ;4.240.915;4.442.018;4.978.502;5.091.057;4.706.303;4.935.466;5.445.103;6.543.569;6.162.992;6.358.957
LAN EXPRESS       ;177.379;184.564;186.046;197.309;189.791;185.674;197.361;12.682;0;372
SKY AIRLINE       ;11.309;14.132;15.625;13.914;13.561;46.531;143.716;229.500;281.206;384.601
CHILENAS          ;4.429.914;4.641.073;5.180.393;5.365.485;4.915.149;5.241.716;5.876.081;6.877.494;6.533.174;6.835.708
AEROL. ARGENTINAS ;141.310;110.701;119.469;89.762;81.851;109.078;106.637;40.727;59.203;42.731
AUSTRAL           ;0;2.146;220;1.380;0;0;0;52.685;76.040;100.498
LAN ARGENTINA     ;0;9.789;23.797;17.462;66.027;88.993;42.388;82.598;56.058;24.912
LINEA A.DEL ESTADO;0;469;0;0;0;0;0;0;0;0
LAN PERU          ;100.898;57.598;160.471;170.174;161.390;157.237;334.199;551.400;544.193;564.186
TACA-PERU         ;0;146.943;39.983;214.614;207.193;255.525;328.537;319.244;1.940;120
LLOYD A. BOLIVIANO;31.878;17.844;4.092;0;0;0;0;0;0;0
GOL TRANS         ;0;42.240;263.699;120.043;69.769;51.527;84.888;77.336;1.226;128.769
T.A.M. LINEAS AEREAS;93.345;145.954;202.370;193.482;307.933;390.856;357.018;453.813;740.464;615.356
VARIG             ;292.484;123.631;0;0;0;0;0;0;0;0
VRG LINHAS AEREAS ;0;0;4.565;101.567;28.383;0;0;0;0;0
T.A.M.            ;34.343;46.701;35.669;35.220;24.589;25.059;26.693;32.466;31.406;35.400
BQB LINEAS AEREAS ;0;0;0;0;0;0;0;0;722;9.732
PLUNA             ;36.071;37.738;42.838;28.263;55.740;71.247;99.771;57.843;0;0
LAN ECUADOR       ;0;57.535;136.777;187.894;209.848;224.539;208.308;165.666;165.481;157.016
AVIANCA           ;83.420;96.500;126.089;161.119;154.167;176.323;203.043;305.659;339.807;335.025
LAN COLOMBIA      ;0;0;0;0;0;0;0;0;50.565;204.735
L.A.C.S.A.        ;163.764;16.742;170.605;4.955;3.342;4.345;8.198;4.362;293.415;217.682
C.O.P.A.          ;207.912;296.792;332.529;353.110;355.399;400.309;572.308;738.623;951.544;1.001.038
AEROMEXICO        ;103.256;127.155;138.414;99.983;102.732;103.803;156.864;190.247;104.699;186.488
LATINOAMERICANAS  ;1.288.681;1.336.478;1.801.587;1.779.028;1.828.363;2.058.841;2.528.852;3.072.669;3.416.763;3.623.688
AIR CANADA        ;192.467;198.928;229.039;302.023;292.597;309.686;377.406;417.927;360.429;327.708
AMERICAN AIRLINES ;746.049;824.740;866.287;862.815;849.686;905.954;963.267;1.066.348;1.083.668;1.138.211
DELTA AIRLINES    ;390.081;481.049;472.334;424.162;381.638;396.855;447.809;470.366;498.068;523.757
UNITED AIRLINES   ;0;0;0;0;0;0;0;0;0;34.629
NORTEAMERICANAS   ;1.328.597;1.504.717;1.567.660;1.589.000;1.523.921;1.612.495;1.788.482;1.954.641;1.942.165;2.024.305
LUFTHANSA         ;644.508;203.474;0;0;0;0;0;0;0;0
AIR COMET         ;0;0;244.595;173.384;0;0;0;0;0;0
AIR EUROPA        ;0;0;0;0;0;0;0;0;0;43.502
AIR MADRID        ;144.618;319.608;0;0;0;0;0;0;0;0
IBERIA            ;751.871;963.389;1.035.330;1.083.313;1.061.879;993.033;1.020.037;1.095.899;1.191.862;1.128.341
AIR FRANCE        ;392.275;507.089;683.120;803.265;797.198;783.328;1.033.745;1.243.172;1.314.999;1.231.042
SWISSAIR          ;0;125.236;301.688;450.274;104.576;0;0;0;0;0
K.L.M.            ;0;0;0;0;0;0;0;0;0;36.476
EUROPEAS          ;1.933.272;2.118.796;2.264.733;2.510.236;1.963.653;1.776.361;2.053.782;2.339.071;2.506.861;2.439.361
QANTAS AIRWAYS    ;0;0;0;0;0;0;0;367.072;552.154;601.579
PACIFICO SUR      ;0;0;0;0;0;0;0;367.072;552.154;601.579
TOTAL GENERAL;8.980.464;9.601.064;10.814.373;11.243.749;10.231.086;10.689.413;12.247.197;14.610.947;14.951.117;15.524.641
;;;;;;;;;;
;;;;;;;;;;
;;;;;;;;;;
TRAFICO INTERNACIONAL CON RELACION A CHILE;;;;;;;;;;
TOTALES POR OPERADORES ANUALES;;;;;;;;;;
TRAFICO DE PASAJEROS-KILOMETROS (en Miles) SALIDOS DESDE CHILE;;;;;;;;;;
;;;;;;;;;;
OPERADORES;2005;2006;2007;2008;2009;2010;2011;2012;2013;2014
PAL AIRLINES;0;0;0;63.763;5.298;71.559;101.447;96.504;91.092;96.094
AEROLINEAS DEL SUR;213;392;0;0;0;0;0;0;0;0
AEROVIAS D.A.P.   ;105;27;232;15;2;26;1;115;89;183
LAN AIRLINES         ;4.203.394;4.420.885;4.911.663;5.025.528;4.679.064;4.989.405;5.470.551;6.506.896;6.156.337;6.337.818
LAN EXPRESS       ;145.823;169.511;159.142;183.030;181.199;173.184;197.427;13.417;0;0
SKY AIRLINE       ;13.830;13.760;13.869;14.898;47.615;54.610;187.167;209.899;257.794;358.904
CHILENAS          ;4.363.365;4.604.575;5.084.906;5.287.234;4.913.178;5.288.784;5.956.593;6.826.831;6.505.312;6.792.999
AEROL. ARGENTINAS ;381.687;234.513;291.883;189.906;206.544;231.223;211.944;82.189;82.468;77.268
AUSTRAL           ;0;1.849;72;1.467;0;0;0;104.611;105.415;178.360
LAN ARGENTINA     ;0;536;24.100;20.230;70.822;93.381;41.020;81.688;54.241;21.324
LAN PERU          ;91.647;41.831;149.414;175.277;169.662;170.425;329.921;325.896;328.843;418.377
TACA-PERU         ;0;139.098;38.217;209.852;199.815;249.157;304.974;306.190;1.859;0
AMASZONAS S.A.    ;0;0;0;0;0;0;0;0;0;991
LLOYD A. BOLIVIANO;27.992;13.702;4.139;0;0;0;0;0;0;0
GOL TRANS         ;0;39.396;270.365;130.833;97.239;93.806;143.815;129.091;3.100;118.589
T.A.M. LINEAS AEREAS;88.013;141.455;197.102;179.480;303.410;370.838;395.566;439.434;698.532;591.314
VARIG             ;280.458;125.687;0;0;0;0;0;0;0;0
VRG LINHAS AEREAS ;0;0;982;101.800;30.739;0;0;0;0;0
T.A.M.            ;31.581;39.957;28.766;27.784;18.288;20.514;26.831;29.885;26.277;34.739
BQB LINEAS AEREAS ;0;0;0;0;0;0;0;0;857;9.756
PLUNA             ;38.807;42.708;41.039;27.379;53.602;70.300;98.025;59.398;0;0
LAN ECUADOR       ;0;57.154;142.658;190.094;214.971;226.779;206.998;177.968;172.332;165.125
T.A.M.E.          ;0;0;0;0;0;0;1.531;0;687;0
AVIANCA           ;90.222;90.669;125.416;164.549;158.146;191.654;208.084;299.345;345.784;369.946
LAN COLOMBIA      ;0;0;0;0;0;0;0;0;52.586;199.337
L.A.C.S.A.        ;155.540;16.568;163.201;3.253;3.234;4.864;7.443;4.692;268.133;372.969
CUBANA DE AVIACION;0;0;0;368;0;0;0;0;0;0
C.O.P.A.          ;209.217;293.666;325.342;365.972;363.331;393.547;536.233;696.667;892.803;936.700
AEROMEXICO        ;121.199;127.023;135.976;113.409;114.785;101.451;124.605;157.265;93.340;169.113
LATINOAMERICANAS  ;1.516.363;1.405.812;1.938.672;1.901.653;2.004.588;2.217.939;2.636.990;2.894.319;3.127.257;3.663.908
AIR CANADA        ;178.039;188.252;216.521;294.201;270.898;287.319;322.469;383.363;338.569;311.898
AMERICAN AIRLINES ;696.792;766.828;791.883;767.790;719.933;702.741;727.238;785.142;817.028;805.020
DELTA AIRLINES    ;344.483;448.930;418.933;420.508;378.959;401.500;437.350;447.199;476.956;500.308
UNITED AIRLINES   ;0;0;0;0;0;0;0;0;0;27.948
NORTEAMERICANAS   ;1.219.314;1.404.010;1.427.337;1.482.499;1.369.790;1.391.560;1.487.057;1.615.704;1.632.553;1.645.174
LUFTHANSA         ;625.068;221.024;0;0;0;0;0;0;0;0
AIR COMET         ;0;0;247.165;188.849;0;0;0;0;0;0
AIR EUROPA        ;0;0;0;0;0;0;0;0;0;39.216
AIR MADRID        ;150.391;371.409;0;0;0;0;0;0;0;0
IBERIA            ;690.213;855.659;923.787;904.583;943.016;913.954;983.815;961.190;1.050.365;1.106.429
AIR FRANCE        ;391.896;506.720;646.774;775.819;750.287;780.497;1.000.725;1.209.312;1.266.640;1.199.444
SWISSAIR          ;0;104.377;272.713;361.373;101.335;0;0;0;0;0
K.L.M.            ;0;0;0;0;0;0;0;0;0;230.230
EUROPEAS          ;1.857.568;2.059.189;2.090.439;2.230.624;1.794.638;1.694.451;1.984.540;2.170.502;2.317.005;2.575.319
QANTAS AIRWAYS    ;0;0;0;0;0;0;0;211.681;559.183;540.972
PACIFICO SUR      ;0;0;0;0;0;0;0;211.681;559.183;540.972
TOTAL GENERAL;8.956.610;9.473.586;10.541.354;10.902.010;10.082.194;10.592.734;12.065.180;13.719.037;14.141.310;15.218.372
;;;;;;;;;;
;;;;;;;;;;
;;;;;;;;;;
TRAFICO INTERNACIONAL CON RELACION A CHILE;;;;;;;;;;
TOTALES POR OPERADORES ANUALES;;;;;;;;;;
TRAFICO DE PASAJEROS-KILOMETROS (en Miles) TOTALES (Llegados+Salidos) CON CHILE;;;;;;;;;;
;;;;;;;;;;
OPERADORES;2005;2006;2007;2008;2009;2010;2011;2012;2013;2014
PAL AIRLINES;0;0;0;126.961;10.784;145.581;191.345;188.136;179.981;187.872
AEROLINEAS DEL SUR;425;734;0;0;0;0;0;0;0;0
AEROVIAS D.A.P.   ;204;44;451;24;10;48;3;225;174;186
LAN AIRLINES         ;8.444.306;8.862.903;9.890.162;10.116.584;9.385.367;9.924.872;10.915.653;13.050.464;12.319.332;12.696.785
LAN EXPRESS       ;323.201;354.074;345.188;380.337;370.990;358.856;394.788;26.100;0;372
SKY AIRLINE       ;25.139;27.893;29.495;28.813;61.177;101.141;330.882;439.399;538.998;743.504
CHILENAS          ;8.793.275;9.245.648;10.265.296;10.652.719;9.828.328;10.530.498;11.832.671;13.704.324;13.038.485;13.628.719
AEROL. ARGENTINAS ;522.997;345.213;411.352;279.668;288.395;340.301;318.582;122.915;141.671;120.000
AUSTRAL           ;0;3.994;292;2.848;0;0;0;157.297;181.455;278.858
LAN ARGENTINA     ;0;10.325;47.897;37.692;136.849;182.374;83.408;164.286;110.300;46.237
LINEA A.DEL ESTADO;0;469;0;0;0;0;0;0;0;0
LAN PERU          ;192.546;99.429;309.885;345.450;331.052;327.660;664.122;877.295;873.034;982.562
TACA-PERU         ;0;286.039;78.199;424.466;407.008;504.684;633.513;625.434;3.799;120
AMASZONAS S.A.    ;0;0;0;0;0;0;0;0;0;991
LLOYD A. BOLIVIANO;59.870;31.546;8.231;0;0;0;0;0;0;0
GOL TRANS         ;0;81.638;534.063;250.876;167.009;145.333;228.703;206.427;4.325;247.359
T.A.M. LINEAS AEREAS;181.358;287.410;399.472;372.962;611.343;761.694;752.583;893.247;1.438.996;1.206.670
VARIG             ;572.943;249.318;0;0;0;0;0;0;0;0
VRG LINHAS AEREAS ;0;0;5.547;203.367;59.122;0;0;0;0;0
T.A.M.            ;65.924;86.660;64.435;63.004;42.877;45.572;53.524;62.351;57.683;70.140
BQB LINEAS AEREAS ;0;0;0;0;0;0;0;0;1.579;19.488
PLUNA             ;74.878;80.446;83.877;55.642;109.342;141.546;197.796;117.241;0;0
LAN ECUADOR       ;0;114.690;279.436;377.988;424.819;451.318;415.305;343.632;337.813;322.143
T.A.M.E.          ;0;0;0;0;0;0;1.531;0;687;0
AVIANCA           ;173.642;187.169;251.505;325.668;312.313;367.977;411.127;605.004;685.590;704.971
LAN COLOMBIA      ;0;0;0;0;0;0;0;0;103.151;404.072
L.A.C.S.A.        ;319.300;33.309;333.804;8.208;6.575;9.209;15.642;9.054;561.549;590.651
CUBANA DE AVIACION;0;0;0;368;0;0;0;0;0;0
C.O.P.A.          ;417.129;590.456;657.872;719.082;718.730;793.856;1.108.541;1.435.289;1.844.346;1.937.739
AEROMEXICO        ;224.455;254.177;274.390;213.392;217.517;205.254;281.469;347.513;198.039;355.602
LATINOAMERICANAS  ;2.805.042;2.742.288;3.740.257;3.680.681;3.832.951;4.276.778;5.165.846;5.966.985;6.544.017;7.287.603
AIR CANADA        ;370.506;387.180;445.559;596.223;563.495;597.005;699.874;801.289;698.999;639.607
AMERICAN AIRLINES ;1.442.841;1.591.568;1.658.169;1.630.604;1.569.619;1.608.695;1.690.505;1.851.490;1.900.697;1.943.230
DELTA AIRLINES    ;734.563;929.980;891.266;844.670;760.597;798.355;885.158;917.566;975.024;1.024.065
UNITED AIRLINES   ;0;0;0;0;0;0;0;0;0;62.577
NORTEAMERICANAS   ;2.547.910;2.908.728;2.994.994;3.071.497;2.893.711;3.004.055;3.275.537;3.570.345;3.574.720;3.669.479
LUFTHANSA         ;1.269.577;424.498;0;0;0;0;0;0;0;0
AIR COMET         ;0;0;491.760;362.234;0;0;0;0;0;0
AIR EUROPA        ;0;0;0;0;0;0;0;0;0;82.718
AIR MADRID        ;295.010;691.017;0;0;0;0;0;0;0;0
IBERIA            ;1.442.083;1.819.047;1.959.117;1.987.896;2.004.895;1.906.987;2.003.851;2.057.090;2.242.226;2.234.770
AIR FRANCE        ;784.171;1.013.808;1.329.894;1.579.084;1.547.485;1.563.824;2.034.470;2.452.484;2.581.640;2.430.486
SWISSAIR          ;0;229.613;574.402;811.647;205.912;0;0;0;0;0
K.L.M.            ;0;0;0;0;0;0;0;0;0;266.707
EUROPEAS          ;3.790.841;4.177.983;4.355.173;4.740.861;3.758.292;3.470.811;4.038.321;4.509.574;4.823.866;5.014.681
QANTAS AIRWAYS    ;0;0;0;0;0;0;0;578.753;1.111.337;1.142.551
PACIFICO SUR      ;0;0;0;0;0;0;0;578.753;1.111.337;1.142.551
TOTAL GENERAL;17.937.068;19.074.647;21.355.720;22.145.758;20.313.282;21.282.142;24.312.375;28.329.981;29.092.425;30.743.033
;;;;;;;;;;
;;;;;;;;;;
;;;;;;;;;;
TRAFICO INTERNACIONAL CON RELACION A CHILE;;;;;;;;;;
TOTALES POR OPERADORES ANUALES;;;;;;;;;;
TRAFICO DE TONELADAS DE CARGA-KILOMETROS (en Miles) LLEGADAS A CHILE;;;;;;;;;;
;;;;;;;;;;
OPERADORES;2005;2006;2007;2008;2009;2010;2011;2012;2013;2014
PAL AIRLINES;0;0;0;0;0;0;0;0;0;289
LAN CARGO            ;51.700;94.037;114.166;116.439;98.064;136.155;135.219;136.917;146.979;133.729
LAN AIRLINES         ;220.152;221.280;224.799;242.474;225.329;259.841;253.360;237.525;222.311;232.897
LAN EXPRESS       ;8.924;7.456;6.495;8.613;7.734;7.740;4.893;528;0;0
SKY AIRLINE       ;0;0;0;328;0;0;3;362;618;388
CHILENAS          ;280.776;322.773;345.460;367.854;331.127;403.736;393.475;375.332;369.908;367.303
AEROL. ARGENTINAS ;1.317;1.764;1.066;690;264;113;42;65;18;8
AUSTRAL           ;0;24;0;9;0;0;0;9;18;28
LAN ARGENTINA     ;0;694;400;15;47;59;7;182;38;4
CIELOS DEL PERU   ;35.300;37.146;53.910;86.417;0;0;0;0;0;0
LAN PERU          ;10.940;2.616;1.078;2.142;2.717;2.504;1.095;1.695;1.408;1.652
LLOYD A. BOLIVIANO;381;179;22;0;0;0;0;0;0;0
GOL TRANS         ;0;124;1.064;512;489;358;509;365;0;0
T.A.M. LINEAS AEREAS;946;3.703;4.522;6.579;7.473;9.512;12.014;8.823;0;0
VARIG             ;9.888;2.048;0;0;0;0;0;0;0;0
VARIG LOG SA      ;0;3.242;4.915;3.075;1.211;0;0;0;0;0
VRG LINHAS AEREAS ;0;0;27;485;49;0;0;0;0;0
T.A.M.            ;196;156;110;245;177;192;173;129;0;0
PLUNA             ;459;241;546;73;36;83;4;0;0;0
LAN ECUADOR       ;0;820;1.143;606;756;1.176;1.790;1.553;989;530
AVIANCA           ;3.709;3.362;3.809;4.041;4.969;3.676;5.017;12.237;11.773;9.688
LAN COLOMBIA      ;0;0;0;0;0;0;0;0;2.169;7.572
LANCO (CARGA)     ;0;0;0;0;0;0;306;6.482;744;0
TAMPA             ;5.525;12.427;4.256;0;0;0;0;0;0;0
C.O.P.A.          ;669;448;460;493;1.300;1.734;1.327;776;581;932
AEROMEXICO        ;4.974;5.986;5.393;5.221;6.750;5.610;7.372;10.511;4.872;8.895
LATINOAMERICANAS  ;74.304;74.980;82.721;110.603;26.238;25.017;29.656;42.827;22.610;29.309
AIR CANADA        ;7.188;7.699;11.546;12.692;7.816;10.816;13.597;15.236;14.713;14.341
AMERICAN AIRLINES ;29.461;34.630;25.454;23.449;20.544;17.431;16.561;9.071;11.593;10.121
ARROW CARGO       ;0;1.977;2.324;10.789;699;3.733;0;0;0;0
ATLAS AIR INC.    ;8.236;7.258;31.394;11.631;23.314;41.888;50.336;59.061;81.171;79.876
CENTURION AIR CARGO;0;0;0;0;50.527;82.875;88.110;47.674;20.291;5.472
DELTA AIRLINES    ;21.874;16.006;8.179;5.953;5.623;5.529;5.529;5.670;5.670;5.884
POLAR AIR CARGO   ;39.279;48.966;47.626;26.244;0;0;0;0;0;0
UNITED AIRLINES   ;0;0;0;0;0;0;0;0;0;296
NORTEAMERICANAS   ;106.038;116.536;126.523;90.758;108.523;162.272;174.133;136.712;133.438;115.990
LUFTHANSA         ;20.607;5.627;0;0;0;0;0;0;0;0
AIR COMET         ;0;0;2.156;2.501;0;0;0;0;0;0
AIR EUROPA        ;0;0;0;0;0;0;0;0;0;1.712
AIR MADRID        ;1.688;2.399;0;0;0;0;0;0;0;0
IBERIA            ;27.888;31.487;35.715;28.396;29.860;40.437;44.850;45.099;47.901;23.170
AIR FRANCE        ;13.510;16.299;20.232;18.812;16.306;23.404;17.087;11.755;15.264;14.232
CARGOLUX AIRLINES ;27.301;31.919;33.858;33.007;25.867;19.336;0;383;16.570;29.474
SWISSAIR          ;0;7.150;12.969;17.380;4.743;0;0;0;0;0
K.L.M.            ;0;0;0;0;0;0;0;0;0;313
MARTINAIR HOLLAND ;64.451;75.938;69.074;75.412;100.741;105.629;132.111;143.434;130.905;106.573
EUROPEAS          ;155.445;170.819;174.004;175.508;177.517;188.806;194.048;200.671;210.640;175.474
QANTAS AIRWAYS    ;0;0;0;0;0;0;0;1.169;0;5.777
PACIFICO SUR      ;0;0;0;0;0;0;0;1.169;0;5.777
TOTAL GENERAL;616.563;685.108;728.708;744.723;643.405;779.831;791.312;756.711;736.596;693.853
;;;;;;;;;;
;;;;;;;;;;
;;;;;;;;;;
TRAFICO INTERNACIONAL CON RELACION A CHILE;;;;;;;;;;
TOTALES POR OPERADORES ANUALES;;;;;;;;;;
TRAFICO DE TONELADAS DE CARGA-KILOMETROS (en Miles) SALIDAS DESDE CHILE;;;;;;;;;;
;;;;;;;;;;
OPERADORES;2005;2006;2007;2008;2009;2010;2011;2012;2013;2014
PAL AIRLINES;0;0;0;0;0;0;106;0;0;175
LAN CARGO            ;125.849;142.955;194.779;183.694;96.920;135.910;137.387;181.230;157.852;172.336
LAN AIRLINES         ;306.080;292.889;309.039;293.947;286.319;311.548;318.607;337.377;344.433;356.771
LAN EXPRESS       ;10.692;10.832;11.144;12.511;12.068;11.755;9.253;368;0;0
SKY AIRLINE       ;0;0;0;573;213;36;0;602;1.057;1.604
CHILENAS          ;442.621;446.676;514.962;490.725;395.520;459.249;465.353;519.577;503.342;530.886
AEROL. ARGENTINAS ;536;851;359;265;267;208;135;111;192;78
AUSTRAL           ;0;25;5;5;0;0;0;25;103;226
LAN ARGENTINA     ;0;88;366;19;26;37;3;35;16;10
CIELOS DEL PERU   ;72.215;49.733;84.042;95.465;0;0;0;0;0;0
LAN PERU          ;21.476;4.165;1.124;2.462;3.448;1.968;79;110;285;740
TACA-PERU         ;0;1.255;561;2.050;1.716;1.977;2.124;2.074;0;0
LLOYD A. BOLIVIANO;1.351;625;93;0;0;0;0;0;0;0
GOL TRANS         ;0;205;653;518;585;451;273;221;0;0
T.A.M. LINEAS AEREAS;562;5.461;8.475;12.044;15.744;15.217;15.034;12.184;0;0
VARIG             ;14.808;2.320;0;0;0;0;0;0;0;0
VARIG LOG SA      ;0;4.500;6.683;1.533;945;0;0;0;0;0
VRG LINHAS AEREAS ;0;0;195;385;68;0;0;0;0;0
T.A.M.            ;325;382;264;481;369;507;437;262;0;0
PLUNA             ;958;489;869;204;66;198;11;8;0;0
LAN ECUADOR       ;4.618;5.717;3.020;580;483;649;1.008;399;421;299
AVIANCA           ;5.036;5.354;6.890;6.444;7.593;4.797;5.929;13.242;15.912;15.359
LAN COLOMBIA      ;0;0;0;0;0;0;0;0;4.487;15.480
LANCO (CARGA)     ;0;0;0;0;0;0;2.549;682;537;1.050
TAMPA             ;7.891;12.128;4.331;0;0;0;0;0;0;0
L.A.C.S.A.        ;1.838;141;1.492;14;38;55;116;74;2.504;1.446
C.O.P.A.          ;1.265;721;1.032;922;1.674;1.597;1.366;568;176;431
AEROMEXICO        ;13.509;8.841;9.307;5.316;6.176;6.938;8.716;12.727;7.996;16.137
LATINOAMERICANAS  ;146.388;103.001;129.761;128.707;39.198;34.599;37.780;42.722;32.629;51.256
AIR CANADA        ;13.409;11.431;12.625;10.978;11.831;16.445;19.780;19.426;20.640;22.781
AMERICAN AIRLINES ;60.959;52.219;52.990;48.923;42.546;42.118;46.667;60.093;62.145;64.920
ARROW CARGO       ;0;10.463;22.123;28.915;29.995;5.871;0;0;0;0
ATLAS AIR INC.    ;24.171;13.954;37.761;35.582;67.974;62.061;74.850;125.934;153.758;139.540
CENTURION AIR CARGO;0;0;0;0;69.824;93.295;82.758;86.869;50.539;33.113
DELTA AIRLINES    ;36.023;31.386;40.529;60.475;50.510;52.521;80.068;92.332;88.789;59.782
POLAR AIR CARGO   ;80.805;86.364;102.325;67.459;0;0;0;0;0;0
UNITED AIRLINES   ;0;0;0;0;0;0;0;0;0;1.392
NORTEAMERICANAS   ;215.367;205.817;268.353;252.332;272.680;272.311;304.123;384.654;375.871;321.528
LUFTHANSA         ;20.230;6.262;0;0;0;0;0;0;0;0
AIR COMET         ;0;0;3.137;2.246;0;0;0;0;0;0
AIR EUROPA        ;0;0;0;0;0;0;0;0;0;769
AIR MADRID        ;2.894;3.568;0;0;0;0;0;0;0;0
IBERIA            ;35.483;42.529;46.359;43.781;43.989;45.284;41.689;25.179;34.130;26.665
AIR FRANCE        ;29.519;26.982;36.590;30.289;35.225;30.638;32.049;30.215;29.673;24.649
CARGOLUX AIRLINES ;7.007;5.691;7.812;6.157;7.522;4.763;476;0;8.496;22.317
SWISSAIR          ;0;8.669;16.664;14.889;3.366;0;0;0;0;0
K.L.M.            ;0;0;0;0;0;0;0;0;0;3.731
MARTINAIR HOLLAND ;3.608;2.747;6.798;4.050;7.008;8.845;6.586;8.165;10.187;15.044
EUROPEAS          ;98.741;96.448;117.360;101.412;97.110;89.530;80.800;63.559;82.486;93.175
QANTAS AIRWAYS    ;0;0;0;0;0;0;0;0;0;7.114
PACIFICO SUR      ;0;0;0;0;0;0;0;0;0;7.114
TOTAL GENERAL;903.117;851.942;1.030.436;973.176;804.508;855.689;888.056;1.010.512;994.328;1.003.959
;;;;;;;;;;
;;;;;;;;;;
;;;;;;;;;;
TRAFICO INTERNACIONAL CON RELACION A CHILE;;;;;;;;;;
TOTALES POR OPERADORES ANUALES;;;;;;;;;;
TRAFICO DE TONELADAS DE CARGA-KILOMETROS (en Miles) TOTALES (Llegadas+Salidas) CON CHILE;;;;;;;;;;
;;;;;;;;;;
OPERADORES;2005;2006;2007;2008;2009;2010;2011;2012;2013;2014
PAL AIRLINES;0;0;0;0;0;0;106;0;0;464
LAN CARGO            ;177.549;236.994;308.947;300.133;194.983;272.064;272.607;318.147;304.831;306.064
LAN AIRLINES         ;526.231;514.171;533.841;536.418;511.651;571.386;571.968;574.902;566.744;589.665
LAN EXPRESS       ;19.615;18.289;17.639;21.124;19.802;19.495;14.147;897;0;0
SKY AIRLINE       ;0;0;0;901;213;36;3;964;1.676;1.992
CHILENAS          ;723.395;769.454;860.427;858.576;726.649;862.981;858.831;894.910;873.251;898.185
AEROL. ARGENTINAS ;1.852;2.615;1.425;955;531;321;177;176;210;86
AUSTRAL           ;0;49;5;13;0;0;0;34;120;254
LAN ARGENTINA     ;0;782;765;34;72;96;9;218;54;14
CIELOS DEL PERU   ;107.515;86.879;137.951;181.882;0;0;0;0;0;0
LAN PERU          ;32.416;6.782;2.202;4.604;6.165;4.473;1.174;1.805;1.693;2.392
TACA-PERU         ;0;1.255;561;2.050;1.716;1.977;2.124;2.074;0;0
LLOYD A. BOLIVIANO;1.732;804;116;0;0;0;0;0;0;0
GOL TRANS         ;0;329;1.719;1.029;1.075;809;780;586;0;0
T.A.M. LINEAS AEREAS;1.508;9.164;12.997;18.623;23.218;24.729;27.047;21.007;0;0
VARIG             ;24.697;4.367;0;0;0;0;0;0;0;0
VARIG LOG SA      ;0;7.742;11.597;4.608;2.156;0;0;0;0;0
VRG LINHAS AEREAS ;0;0;222;871;117;0;0;0;0;0
T.A.M.            ;521;538;374;725;546;698;610;391;0;0
PLUNA             ;1.417;730;1.415;277;102;281;15;8;0;0
LAN ECUADOR       ;4.618;6.536;4.164;1.186;1.238;1.825;2.798;1.951;1.409;828
AVIANCA           ;8.746;8.715;10.699;10.484;12.562;8.474;10.946;25.479;27.685;25.048
LAN COLOMBIA      ;0;0;0;0;0;0;0;0;6.657;23.052
LANCO (CARGA)     ;0;0;0;0;0;0;2.855;7.164;1.281;1.050
TAMPA             ;13.416;24.556;8.586;0;0;0;0;0;0;0
L.A.C.S.A.        ;1.838;141;1.492;14;38;55;116;74;2.504;1.446
C.O.P.A.          ;1.934;1.169;1.492;1.415;2.974;3.331;2.693;1.344;757;1.363
AEROMEXICO        ;18.483;14.826;14.700;10.537;12.926;12.548;16.089;23.238;12.868;25.032
LATINOAMERICANAS  ;220.693;177.979;212.482;239.307;65.436;59.617;67.433;85.549;55.238;80.565
AIR CANADA        ;20.597;19.130;24.171;23.637;19.647;27.261;33.377;34.662;35.353;37.122
AMERICAN AIRLINES ;90.420;86.849;78.444;72.371;63.091;59.549;63.228;69.165;73.737;75.042
ARROW CARGO       ;0;12.440;24.447;39.704;30.694;9.604;0;0;0;0
ATLAS AIR INC.    ;32.407;21.211;69.154;47.214;91.287;103.949;125.186;184.995;234.929;219.416
CENTURION AIR CARGO;0;0;0;0;120.351;176.170;170.869;134.544;70.830;38.585
DELTA AIRLINES    ;57.897;47.391;48.707;66.428;56.133;58.050;85.597;98.003;94.460;65.666
POLAR AIR CARGO   ;120.082;135.330;149.954;93.703;0;0;0;0;0;0
UNITED AIRLINES   ;0;0;0;0;0;0;0;0;0;1.688
NORTEAMERICANAS   ;321.403;322.351;394.877;343.057;381.203;434.583;478.257;521.369;509.309;437.519
LUFTHANSA         ;40.836;11.889;0;0;0;0;0;0;0;0
AIR COMET         ;0;0;5.294;4.747;0;0;0;0;0;0
AIR EUROPA        ;0;0;0;0;0;0;0;0;0;2.481
AIR MADRID        ;4.581;5.968;0;0;0;0;0;0;0;0
IBERIA            ;63.371;74.016;82.074;72.178;73.849;85.722;86.539;70.278;82.031;49.835
AIR FRANCE        ;43.029;43.282;56.822;49.101;51.531;54.042;49.136;41.970;44.937;38.882
CARGOLUX AIRLINES ;34.308;37.611;41.670;39.164;33.389;24.099;476;383;25.065;51.791
SWISSAIR          ;0;15.819;29.633;32.269;8.108;0;0;0;0;0
K.L.M.            ;0;0;0;0;0;0;0;0;0;4.044
MARTINAIR HOLLAND ;68.059;78.685;75.872;79.462;107.749;114.474;138.698;151.598;141.094;121.618
EUROPEAS          ;254.184;267.270;291.365;276.921;274.626;278.337;274.849;264.229;293.127;268.651
QANTAS AIRWAYS    ;0;0;0;0;0;0;0;1.169;0;12.891
PACIFICO SUR      ;0;0;0;0;0;0;0;1.169;0;12.891
TOTAL GENERAL;1.519.675;1.537.054;1.759.151;1.717.861;1.447.914;1.635.518;1.679.370;1.767.226;1.730.925;1.697.811